1,"[76,1,0,0,76,65,-68,-20,77,116,46,83,105,110,97,105,6,0,0,0,-24,3,0,0,10,0,0,0,1,0,0,0]"
2,"[120,2,0,0,76,65,-68,-20,77,116,46,83,105,110,97,105,6,0,0,0,-24,3,0,0,10,0,0,0,2,0,0,0]"
3,"[-92,3,0,0,76,65,-68,-20,77,116,46,83,105,110,97,105,6,0,0,0,-24,3,0,0,10,0,0,0,3,0,0,0]"
4,"[-48,4,0,0,76,65,-68,-20,77,116,46,83,105,110,97,105,6,0,0,0,-24,3,0,0,10,0,0,0,4,0,0,  0]"
5,"[-4,5,0,0,76,65,-68,-20,77,116,46,83,105,110,97,105,6,0,0,0,-24,3,0,0,10,0,0,0,5,0,0,  0]"
6,"[40,7,0,0,76,65,-68,-20,77,116,46,83,105,110,97,105,6,0,0,0,-24,3,0,0,10,0,0,0,6,0,0,  0]"
7,"[84,8,0,0,76,65,-68,-20,77,116,46,83,105,110,97,105,6,0,0,0,-24,3,0,0,10,0,0,0,7,0,0,  0]"
8,"[-128,9,0,0,76,65,-68,-20,77,116,46,83,105,110,97,105,6,0,0,0,-24,3,0,0,10,0,0,0,8,0,0,  0]"
9,"[-84,10,0,0,76,65,-68,-20,77,116,46,83,105,110,97,105,6,0,0,0,-24,3,0,0,10,0,0,0,9,0,0,  0]"
10,"[-40,11,0,0,76,65,-68,-20,77,116,46,83,105,110,97,105,6,0,0,0,-24,3,0,0,10,0,0,0,10,0,0,  0]"
11,"[4,13,0,0,76,65,-68,-20,77,116,46,83,105,110,97,105,6,0,0,0,-24,3,0,0,10,0,0,0,11,0,0,  0]"
12,"[48,14,0,0,76,65,-68,-20,77,116,46,83,105,110,97,105,6,0,0,0,-24,3,0,0,10,0,0,0,12,0,0,  0]"
13,"[92,15,0,0,76,65,-68,-20,77,116,46,83,105,110,97,105,6,0,0,0,-24,3,0,0,10,0,0,0,13,0,0,  0]"
14,"[-120,16,0,0,76,65,-68,-20,77,116,46,83,105,110,97,105,6,0,0,0,-24,3,0,0,10,0,0,0,14,0,0,  0]"
15,"[-76,17,0,0,76,65,-68,-20,77,116,46,83,105,110,97,105,6,0,0,0,-24,3,0,0,10,0,0,0,15,0,0,  0]"
16,"[-32,18,0,0,76,65,-68,-20,77,116,46,83,105,110,97,105,6,0,0,0,-24,3,0,0,10,0,0,0,16,0,0,  0]"
17,"[12,20,0,0,76,65,-68,-20,77,116,46,83,105,110,97,105,6,0,0,0,-24,3,0,0,10,0,0,0,17,0,0,  0]"
18,"[56,21,0,0,76,65,-68,-20,77,116,46,83,105,110,97,105,6,0,0,0,-24,3,0,0,10,0,0,0,18,0,0,  0]"
19,"[100,22,0,0,76,65,-68,-20,77,116,46,83,105,110,97,105,6,0,0,0,-24,3,0,0,10,0,0,0,19,0,0,  0]"
20,"[-112,23,0,0,76,65,-68,-20,77,116,46,83,105,110,97,105,6,0,0,0,-24,3,0,0,10,0,0,0,20,0,0,  0]"
21,"[-68,24,0,0,76,65,-68,-20,77,116,46,83,105,110,97,105,6,0,0,0,-24,3,0,0,10,0,0,0,21,0,0,  0]"
22,"[-24,25,0,0,76,65,-68,-20,77,116,46,83,105,110,97,105,6,0,0,0,-24,3,0,0,10,0,0,0,22,0,0,  0]"
23,"[20,27,0,0,76,65,-68,-20,77,116,46,83,105,110,97,105,6,0,0,0,-24,3,0,0,10,0,0,0,23,0,0,  0]"
24,"[64,28,0,0,76,65,-68,-20,77,116,46,83,105,110,97,105,6,0,0,0,-24,3,0,0,10,0,0,0,24,0,0,  0]"
25,"[108,29,0,0,76,65,-68,-20,77,116,46,83,105,110,97,105,6,0,0,0,-24,3,0,0,10,0,0,0,25,0,0,  0]"
26,"[-104,30,0,0,76,65,-68,-20,77,116,46,83,105,110,97,105,6,0,0,0,-24,3,0,0,10,0,0,0,26,0,0,  0]"
27,"[-60,31,0,0,76,65,-68,-20,77,116,46,83,105,110,97,105,6,0,0,0,-24,3,0,0,10,0,0,0,27,0,0,  0]"
28,"[-16,32,0,0,76,65,-68,-20,77,116,46,83,105,110,97,105,6,0,0,0,-24,3,0,0,10,0,0,0,28,0,0,  0]"
29,"[28,34,0,0,76,65,-68,-20,77,116,46,83,105,110,97,105,6,0,0,0,-24,3,0,0,10,0,0,0,29,0,0,  0]"
30,"[72,35,0,0,76,65,-68,-20,77,116,46,83,105,110,97,105,6,0,0,0,-24,3,0,0,10,0,0,0,30,0,0,  0]"
31,"[116,36,0,0,76,65,-68,-20,77,116,46,83,105,110,97,105,6,0,0,0,-24,3,0,0,10,0,0,0,31,0,0,  0]"
32,"[-96,37,0,0,76,65,-68,-20,77,116,46,83,105,110,97,105,6,0,0,0,-24,3,0,0,10,0,0,0,32,0,0,  0]"
33,"[-52,38,0,0,76,65,-68,-20,77,116,46,83,105,110,97,105,6,0,0,0,-24,3,0,0,10,0,0,0,33,0,0,  0]"
34,"[-8,39,0,0,76,65,-68,-20,77,116,46,83,105,110,97,105,6,0,0,0,-24,3,0,0,10,0,0,0,34,0,0,  0]"
35,"[36,41,0,0,76,65,-68,-20,77,116,46,83,105,110,97,105,6,0,0,0,-24,3,0,0,10,0,0,0,35,0,0,  0]"
36,"[80,42,0,0,76,65,-68,-20,77,116,46,83,105,110,97,105,6,0,0,0,-24,3,0,0,10,0,0,0,36,0,0,  0]"
37,"[124,43,0,0,76,65,-68,-20,77,116,46,83,105,110,97,105,6,0,0,0,-24,3,0,0,10,0,0,0,37,0,0,  0]"
38,"[-88,44,0,0,76,65,-68,-20,77,116,46,83,105,110,97,105,6,0,0,0,-24,3,0,0,10,0,0,0,38,0,0,  0]"
39,"[-44,45,0,0,76,65,-68,-20,77,116,46,83,105,110,97,105,6,0,0,0,-24,3,0,0,10,0,0,0,39,0,0,  0]"
40,"[0,47,0,0,76,65,-68,-20,77,116,46,83,105,110,97,105,6,0,0,0,-24,3,0,0,10,0,0,0,40,0,0,  0]"
41,"[44,48,0,0,76,65,-68,-20,77,116,46,83,105,110,97,105,6,0,0,0,-24,3,0,0,10,0,0,0,41,0,0,  0]"
42,"[88,49,0,0,76,65,-68,-20,77,116,46,83,105,110,97,105,6,0,0,0,-24,3,0,0,10,0,0,0,42,0,0,  0]"
43,"[-124,50,0,0,76,65,-68,-20,77,116,46,83,105,110,97,105,6,0,0,0,-24,3,0,0,10,0,0,0,43,0,0,  0]"
44,"[-80,51,0,0,76,65,-68,-20,77,116,46,83,105,110,97,105,6,0,0,0,-24,3,0,0,10,0,0,0,44,0,0,  0]"
45,"[-36,52,0,0,76,65,-68,-20,77,116,46,83,105,110,97,105,6,0,0,0,-24,3,0,0,10,0,0,0,45,0,0,  0]"
46,"[8,54,0,0,76,65,-68,-20,77,116,46,83,105,110,97,105,6,0,0,0,-24,3,0,0,10,0,0,0,46,0,0,  0]"
47,"[52,55,0,0,76,65,-68,-20,77,116,46,83,105,110,97,105,6,0,0,0,-24,3,0,0,10,0,0,0,47,0,0,  0]"
48,"[96,56,0,0,76,65,-68,-20,77,116,46,83,105,110,97,105,6,0,0,0,-24,3,0,0,10,0,0,0,48,0,0,  0]"
49,"[-116,57,0,0,76,65,-68,-20,77,116,46,83,105,110,97,105,6,0,0,0,-24,3,0,0,10,0,0,0,49,0,0,  0]"
50,"[-72,58,0,0,76,65,-68,-20,77,116,46,83,105,110,97,105,6,0,0,0,-24,3,0,0,10,0,0,0,50,0,0,  0]"
51,"[-28,59,0,0,76,65,-68,-20,77,116,46,83,105,110,97,105,6,0,0,0,-24,3,0,0,10,0,0,0,51,0,0,  0]"
52,"[16,61,0,0,76,65,-68,-20,77,116,46,83,105,110,97,105,6,0,0,0,-24,3,0,0,10,0,0,0,52,0,0,  0]"
53,"[60,62,0,0,76,65,-68,-20,77,116,46,83,105,110,97,105,6,0,0,0,-24,3,0,0,10,0,0,0,53,0,0,  0]"
54,"[104,63,0,0,76,65,-68,-20,77,116,46,83,105,110,97,105,6,0,0,0,-24,3,0,0,10,0,0,0,54,0,0,  0]"
55,"[-108,64,0,0,76,65,-68,-20,77,116,46,83,105,110,97,105,6,0,0,0,-24,3,0,0,10,0,0,0,55,0,0,  0]"
56,"[-64,65,0,0,76,65,-68,-20,77,116,46,83,105,110,97,105,6,0,0,0,-24,3,0,0,10,0,0,0,56,0,0,  0]"
57,"[-20,66,0,0,76,65,-68,-20,77,116,46,83,105,110,97,105,6,0,0,0,-24,3,0,0,10,0,0,0,57,0,0,  0]"
58,"[24,68,0,0,76,65,-68,-20,77,116,46,83,105,110,97,105,6,0,0,0,-24,3,0,0,10,0,0,0,58,0,0,  0]"
59,"[68,69,0,0,76,65,-68,-20,77,116,46,83,105,110,97,105,6,0,0,0,-24,3,0,0,10,0,0,0,59,0,0,  0]"
60,"[112,70,0,0,76,65,-68,-20,77,116,46,83,105,110,97,105,6,0,0,0,-24,3,0,0,10,0,0,0,60,0,0,  0]"
61,"[-100,71,0,0,76,65,-68,-20,77,116,46,83,105,110,97,105,6,0,0,0,-24,3,0,0,10,0,0,0,61,0,0,  0]"
62,"[-56,72,0,0,76,65,-68,-20,77,116,46,83,105,110,97,105,6,0,0,0,-24,3,0,0,10,0,0,0,62,0,0,  0]"
63,"[-12,73,0,0,76,65,-68,-20,77,116,46,83,105,110,97,105,6,0,0,0,-24,3,0,0,10,0,0,0,63,0,0,  0]"
64,"[32,75,0,0,76,65,-68,-20,77,116,46,83,105,110,97,105,6,0,0,0,-24,3,0,0,10,0,0,0,64,0,0,  0]"
65,"[76,76,0,0,76,65,-68,-20,77,116,46,83,105,110,97,105,6,0,0,0,-24,3,0,0,10,0,0,0,65,0,0,  0]"
66,"[120,77,0,0,76,65,-68,-20,77,116,46,83,105,110,97,105,6,0,0,0,-24,3,0,0,10,0,0,0,66,0,0,  0]"
67,"[-92,78,0,0,76,65,-68,-20,77,116,46,83,105,110,97,105,6,0,0,0,-24,3,0,0,10,0,0,0,67,0,0,  0]"
68,"[-48,79,0,0,76,65,-68,-20,77,116,46,83,105,110,97,105,6,0,0,0,-24,3,0,0,10,0,0,0,68,0,0,  0]"
69,"[-4,80,0,0,76,65,-68,-20,77,116,46,83,105,110,97,105,6,0,0,0,-24,3,0,0,10,0,0,0,69,0,0,  0]"
70,"[40,82,0,0,76,65,-68,-20,77,116,46,83,105,110,97,105,6,0,0,0,-24,3,0,0,10,0,0,0,70,0,0,  0]"
71,"[84,83,0,0,76,65,-68,-20,77,116,46,83,105,110,97,105,6,0,0,0,-24,3,0,0,10,0,0,0,71,0,0,  0]"
72,"[-128,84,0,0,76,65,-68,-20,77,116,46,83,105,110,97,105,6,0,0,0,-24,3,0,0,10,0,0,0,72,0,0,  0]"
73,"[-84,85,0,0,76,65,-68,-20,77,116,46,83,105,110,97,105,6,0,0,0,-24,3,0,0,10,0,0,0,73,0,0,  0]"
74,"[-40,86,0,0,76,65,-68,-20,77,116,46,83,105,110,97,105,6,0,0,0,-24,3,0,0,10,0,0,0,74,0,0,  0]"
75,"[4,88,0,0,76,65,-68,-20,77,116,46,83,105,110,97,105,6,0,0,0,-24,3,0,0,10,0,0,0,75,0,0,  0]"
76,"[48,89,0,0,76,65,-68,-20,77,116,46,83,105,110,97,105,6,0,0,0,-24,3,0,0,10,0,0,0,76,0,0,  0]"
77,"[92,90,0,0,76,65,-68,-20,77,116,46,83,105,110,97,105,6,0,0,0,-24,3,0,0,10,0,0,0,77,0,0,  0]"
78,"[-120,91,0,0,76,65,-68,-20,77,116,46,83,105,110,97,105,6,0,0,0,-24,3,0,0,10,0,0,0,78,0,0,  0]"
79,"[-76,92,0,0,76,65,-68,-20,77,116,46,83,105,110,97,105,6,0,0,0,-24,3,0,0,10,0,0,0,79,0,0,  0]"
80,"[-32,93,0,0,76,65,-68,-20,77,116,46,83,105,110,97,105,6,0,0,0,-24,3,0,0,10,0,0,0,80,0,0,  0]"
81,"[12,95,0,0,76,65,-68,-20,77,116,46,83,105,110,97,105,6,0,0,0,-24,3,0,0,10,0,0,0,81,0,0,  0]"
82,"[56,96,0,0,76,65,-68,-20,77,116,46,83,105,110,97,105,6,0,0,0,-24,3,0,0,10,0,0,0,82,0,0,  0]"
83,"[100,97,0,0,76,65,-68,-20,77,116,46,83,105,110,97,105,6,0,0,0,-24,3,0,0,10,0,0,0,83,0,0,  0]"
84,"[-112,98,0,0,76,65,-68,-20,77,116,46,83,105,110,97,105,6,0,0,0,-24,3,0,0,10,0,0,0,84,0,0,  0]"
85,"[-68,99,0,0,76,65,-68,-20,77,116,46,83,105,110,97,105,6,0,0,0,-24,3,0,0,10,0,0,0,85,0,0,  0]"
86,"[-24,100,0,0,76,65,-68,-20,77,116,46,83,105,110,97,105,6,0,0,0,-24,3,0,0,10,0,0,0,86,0,0,  0]"
87,"[20,102,0,0,76,65,-68,-20,77,116,46,83,105,110,97,105,6,0,0,0,-24,3,0,0,10,0,0,0,87,0,0,  0]"
88,"[64,103,0,0,76,65,-68,-20,77,116,46,83,105,110,97,105,6,0,0,0,-24,3,0,0,10,0,0,0,88,0,0,  0]"
89,"[108,104,0,0,76,65,-68,-20,77,116,46,83,105,110,97,105,6,0,0,0,-24,3,0,0,10,0,0,0,89,0,0,  0]"
90,"[-104,105,0,0,76,65,-68,-20,77,116,46,83,105,110,97,105,6,0,0,0,-24,3,0,0,10,0,0,0,90,0,0,  0]"
91,"[-60,106,0,0,76,65,-68,-20,77,116,46,83,105,110,97,105,6,0,0,0,-24,3,0,0,10,0,0,0,91,0,0,  0]"
92,"[-16,107,0,0,76,65,-68,-20,77,116,46,83,105,110,97,105,6,0,0,0,-24,3,0,0,10,0,0,0,92,0,0,  0]"
93,"[28,109,0,0,76,65,-68,-20,77,116,46,83,105,110,97,105,6,0,0,0,-24,3,0,0,10,0,0,0,93,0,0,  0]"
94,"[72,110,0,0,76,65,-68,-20,77,116,46,83,105,110,97,105,6,0,0,0,-24,3,0,0,10,0,0,0,94,0,0,  0]"
95,"[116,111,0,0,76,65,-68,-20,77,116,46,83,105,110,97,105,6,0,0,0,-24,3,0,0,10,0,0,0,95,0,0,  0]"
96,"[-96,112,0,0,76,65,-68,-20,77,116,46,83,105,110,97,105,6,0,0,0,-24,3,0,0,10,0,0,0,96,0,0,  0]"
97,"[-52,113,0,0,76,65,-68,-20,77,116,46,83,105,110,97,105,6,0,0,0,-24,3,0,0,10,0,0,0,97,0,0,  0]"
98,"[-8,114,0,0,76,65,-68,-20,77,116,46,83,105,110,97,105,6,0,0,0,-24,3,0,0,10,0,0,0,98,0,0,  0]"
99,"[36,116,0,0,76,65,-68,-20,77,116,46,83,105,110,97,105,6,0,0,0,-24,3,0,0,10,0,0,0,99,0,0,  0]"
100,"[80,117,0,0,76,65,-68,-20,77,116,46,83,105,110,97,105,6,0,0,0,-24,3,0,0,10,0,0,0,100,0,0,  0]"
101,"[124,118,0,0,76,65,-68,-20,77,116,46,83,105,110,97,105,6,0,0,0,-24,3,0,0,10,0,0,0,101,0,0,  0]"
102,"[-88,119,0,0,76,65,-68,-20,77,116,46,83,105,110,97,105,6,0,0,0,-24,3,0,0,10,0,0,0,102,0,0,  0]"
103,"[-44,120,0,0,76,65,-68,-20,77,116,46,83,105,110,97,105,6,0,0,0,-24,3,0,0,10,0,0,0,103,0,0,  0]"
104,"[0,122,0,0,76,65,-68,-20,77,116,46,83,105,110,97,105,6,0,0,0,-24,3,0,0,10,0,0,0,104,0,0,  0]"
105,"[44,123,0,0,76,65,-68,-20,77,116,46,83,105,110,97,105,6,0,0,0,-24,3,0,0,10,0,0,0,105,0,0,  0]"
106,"[88,124,0,0,76,65,-68,-20,77,116,46,83,105,110,97,105,6,0,0,0,-24,3,0,0,10,0,0,0,106,0,0,  0]"
107,"[-124,125,0,0,76,65,-68,-20,77,116,46,83,105,110,97,105,6,0,0,0,-24,3,0,0,10,0,0,0,107,0,0,  0]"
108,"[-80,126,0,0,76,65,-68,-20,77,116,46,83,105,110,97,105,6,0,0,0,-24,3,0,0,10,0,0,0,108,0,0,  0]"
109,"[-36,127,0,0,76,65,-68,-20,77,116,46,83,105,110,97,105,6,0,0,0,-24,3,0,0,10,0,0,0,109,0,0,  0]"
110,"[8,-127,0,0,76,65,-68,-20,77,116,46,83,105,110,97,105,6,0,0,0,-24,3,0,0,10,0,0,0,110,0,0,  0]"
111,"[52,-126,0,0,76,65,-68,-20,77,116,46,83,105,110,97,105,6,0,0,0,-24,3,0,0,10,0,0,0,111,0,0,  0]"
112,"[96,-125,0,0,76,65,-68,-20,77,116,46,83,105,110,97,105,6,0,0,0,-24,3,0,0,10,0,0,0,112,0,0,  0]"
113,"[-116,-124,0,0,76,65,-68,-20,77,116,46,83,105,110,97,105,6,0,0,0,-24,3,0,0,10,0,0,0,113,0,0,  0]"
114,"[-72,-123,0,0,76,65,-68,-20,77,116,46,83,105,110,97,105,6,0,0,0,-24,3,0,0,10,0,0,0,114,0,0,  0]"
115,"[-28,-122,0,0,76,65,-68,-20,77,116,46,83,105,110,97,105,6,0,0,0,-24,3,0,0,10,0,0,0,115,0,0,  0]"
116,"[16,-120,0,0,76,65,-68,-20,77,116,46,83,105,110,97,105,6,0,0,0,-24,3,0,0,10,0,0,0,116,0,0,  0]"
117,"[60,-119,0,0,76,65,-68,-20,77,116,46,83,105,110,97,105,6,0,0,0,-24,3,0,0,10,0,0,0,117,0,0,  0]"
118,"[104,-118,0,0,76,65,-68,-20,77,116,46,83,105,110,97,105,6,0,0,0,-24,3,0,0,10,0,0,0,118,0,0,  0]"
119,"[-108,-117,0,0,76,65,-68,-20,77,116,46,83,105,110,97,105,6,0,0,0,-24,3,0,0,10,0,0,0,119,0,0,  0]"
120,"[-64,-116,0,0,76,65,-68,-20,77,116,46,83,105,110,97,105,6,0,0,0,-24,3,0,0,10,0,0,0,120,0,0,  0]"
121,"[-20,-115,0,0,76,65,-68,-20,77,116,46,83,105,110,97,105,6,0,0,0,-24,3,0,0,10,0,0,0,121,0,0,  0]"
122,"[24,-113,0,0,76,65,-68,-20,77,116,46,83,105,110,97,105,6,0,0,0,-24,3,0,0,10,0,0,0,122,0,0,  0]"
123,"[68,-112,0,0,76,65,-68,-20,77,116,46,83,105,110,97,105,6,0,0,0,-24,3,0,0,10,0,0,0,123,0,0,  0]"
124,"[112,-111,0,0,76,65,-68,-20,77,116,46,83,105,110,97,105,6,0,0,0,-24,3,0,0,10,0,0,0,124,0,0,  0]"
125,"[-100,-110,0,0,76,65,-68,-20,77,116,46,83,105,110,97,105,6,0,0,0,-24,3,0,0,10,0,0,0,125,0,0,  0]"
126,"[-56,-109,0,0,76,65,-68,-20,77,116,46,83,105,110,97,105,6,0,0,0,-24,3,0,0,10,0,0,0,126,0,0,  0]"
127,"[-12,-108,0,0,76,65,-68,-20,77,116,46,83,105,110,97,105,6,0,0,0,-24,3,0,0,10,0,0,0,127,0,0,  0]"
128,"[32,-106,0,0,76,65,-68,-20,77,116,46,83,105,110,97,105,6,0,0,0,-24,3,0,0,10,0,0,0,-128,0,0,  0]"
129,"[76,-105,0,0,76,65,-68,-20,77,116,46,83,105,110,97,105,6,0,0,0,-24,3,0,0,10,0,0,0,-127,0,0,  0]"
130,"[120,-104,0,0,76,65,-68,-20,77,116,46,83,105,110,97,105,6,0,0,0,-24,3,0,0,10,0,0,0,-126,0,0,  0]"
131,"[-92,-103,0,0,76,65,-68,-20,77,116,46,83,105,110,97,105,6,0,0,0,-24,3,0,0,10,0,0,0,-125,0,0,  0]"
132,"[-48,-102,0,0,76,65,-68,-20,77,116,46,83,105,110,97,105,6,0,0,0,-24,3,0,0,10,0,0,0,-124,0,0,  0]"
133,"[-4,-101,0,0,76,65,-68,-20,77,116,46,83,105,110,97,105,6,0,0,0,-24,3,0,0,10,0,0,0,-123,0,0,  0]"
134,"[40,-99,0,0,76,65,-68,-20,77,116,46,83,105,110,97,105,6,0,0,0,-24,3,0,0,10,0,0,0,-122,0,0,  0]"
135,"[84,-98,0,0,76,65,-68,-20,77,116,46,83,105,110,97,105,6,0,0,0,-24,3,0,0,10,0,0,0,-121,0,0,  0]"
136,"[-128,-97,0,0,76,65,-68,-20,77,116,46,83,105,110,97,105,6,0,0,0,-24,3,0,0,10,0,0,0,-120,0,0,  0]"
137,"[-84,-96,0,0,76,65,-68,-20,77,116,46,83,105,110,97,105,6,0,0,0,-24,3,0,0,10,0,0,0,-119,0,0,  0]"
138,"[-40,-95,0,0,76,65,-68,-20,77,116,46,83,105,110,97,105,6,0,0,0,-24,3,0,0,10,0,0,0,-118,0,0,  0]"
139,"[4,-93,0,0,76,65,-68,-20,77,116,46,83,105,110,97,105,6,0,0,0,-24,3,0,0,10,0,0,0,-117,0,0,  0]"
140,"[48,-92,0,0,76,65,-68,-20,77,116,46,83,105,110,97,105,6,0,0,0,-24,3,0,0,10,0,0,0,-116,0,0,  0]"
141,"[92,-91,0,0,76,65,-68,-20,77,116,46,83,105,110,97,105,6,0,0,0,-24,3,0,0,10,0,0,0,-115,0,0,  0]"
142,"[-120,-90,0,0,76,65,-68,-20,77,116,46,83,105,110,97,105,6,0,0,0,-24,3,0,0,10,0,0,0,-114,0,0,  0]"
143,"[-76,-89,0,0,76,65,-68,-20,77,116,46,83,105,110,97,105,6,0,0,0,-24,3,0,0,10,0,0,0,-113,0,0,  0]"
144,"[-32,-88,0,0,76,65,-68,-20,77,116,46,83,105,110,97,105,6,0,0,0,-24,3,0,0,10,0,0,0,-112,0,0,  0]"
145,"[12,-86,0,0,76,65,-68,-20,77,116,46,83,105,110,97,105,6,0,0,0,-24,3,0,0,10,0,0,0,-111,0,0,  0]"
146,"[56,-85,0,0,76,65,-68,-20,77,116,46,83,105,110,97,105,6,0,0,0,-24,3,0,0,10,0,0,0,-110,0,0,  0]"
147,"[100,-84,0,0,76,65,-68,-20,77,116,46,83,105,110,97,105,6,0,0,0,-24,3,0,0,10,0,0,0,-109,0,0,  0]"
148,"[-112,-83,0,0,76,65,-68,-20,77,116,46,83,105,110,97,105,6,0,0,0,-24,3,0,0,10,0,0,0,-108,0,0,  0]"
149,"[-68,-82,0,0,76,65,-68,-20,77,116,46,83,105,110,97,105,6,0,0,0,-24,3,0,0,10,0,0,0,-107,0,0,  0]"
150,"[-24,-81,0,0,76,65,-68,-20,77,116,46,83,105,110,97,105,6,0,0,0,-24,3,0,0,10,0,0,0,-106,0,0,  0]"
151,"[20,-79,0,0,76,65,-68,-20,77,116,46,83,105,110,97,105,6,0,0,0,-24,3,0,0,10,0,0,0,-105,0,0,  0]"
152,"[64,-78,0,0,76,65,-68,-20,77,116,46,83,105,110,97,105,6,0,0,0,-24,3,0,0,10,0,0,0,-104,0,0,  0]"
153,"[108,-77,0,0,76,65,-68,-20,77,116,46,83,105,110,97,105,6,0,0,0,-24,3,0,0,10,0,0,0,-103,0,0,  0]"
154,"[-104,-76,0,0,76,65,-68,-20,77,116,46,83,105,110,97,105,6,0,0,0,-24,3,0,0,10,0,0,0,-102,0,0,  0]"
155,"[-60,-75,0,0,76,65,-68,-20,77,116,46,83,105,110,97,105,6,0,0,0,-24,3,0,0,10,0,0,0,-101,0,0,  0]"
156,"[-16,-74,0,0,76,65,-68,-20,77,116,46,83,105,110,97,105,6,0,0,0,-24,3,0,0,10,0,0,0,-100,0,0,  0]"
157,"[28,-72,0,0,76,65,-68,-20,77,116,46,83,105,110,97,105,6,0,0,0,-24,3,0,0,10,0,0,0,-99,0,0,  0]"
158,"[72,-71,0,0,76,65,-68,-20,77,116,46,83,105,110,97,105,6,0,0,0,-24,3,0,0,10,0,0,0,-98,0,0,  0]"
159,"[116,-70,0,0,76,65,-68,-20,77,116,46,83,105,110,97,105,6,0,0,0,-24,3,0,0,10,0,0,0,-97,0,0,  0]"
160,"[-96,-69,0,0,76,65,-68,-20,77,116,46,83,105,110,97,105,6,0,0,0,-24,3,0,0,10,0,0,0,-96,0,0,  0]"
161,"[-52,-68,0,0,76,65,-68,-20,77,116,46,83,105,110,97,105,6,0,0,0,-24,3,0,0,10,0,0,0,-95,0,0,  0]"
162,"[-8,-67,0,0,76,65,-68,-20,77,116,46,83,105,110,97,105,6,0,0,0,-24,3,0,0,10,0,0,0,-94,0,0,  0]"
163,"[36,-65,0,0,76,65,-68,-20,77,116,46,83,105,110,97,105,6,0,0,0,-24,3,0,0,10,0,0,0,-93,0,0,  0]"
164,"[80,-64,0,0,76,65,-68,-20,77,116,46,83,105,110,97,105,6,0,0,0,-24,3,0,0,10,0,0,0,-92,0,0,  0]"
165,"[124,-63,0,0,76,65,-68,-20,77,116,46,83,105,110,97,105,6,0,0,0,-24,3,0,0,10,0,0,0,-91,0,0,  0]"
166,"[-88,-62,0,0,76,65,-68,-20,77,116,46,83,105,110,97,105,6,0,0,0,-24,3,0,0,10,0,0,0,-90,0,0,  0]"
167,"[-44,-61,0,0,76,65,-68,-20,77,116,46,83,105,110,97,105,6,0,0,0,-24,3,0,0,10,0,0,0,-89,0,0,  0]"
168,"[0,-59,0,0,76,65,-68,-20,77,116,46,83,105,110,97,105,6,0,0,0,-24,3,0,0,10,0,0,0,-88,0,0,  0]"
169,"[44,-58,0,0,76,65,-68,-20,77,116,46,83,105,110,97,105,6,0,0,0,-24,3,0,0,10,0,0,0,-87,0,0,  0]"
170,"[88,-57,0,0,76,65,-68,-20,77,116,46,83,105,110,97,105,6,0,0,0,-24,3,0,0,10,0,0,0,-86,0,0,  0]"
171,"[-124,-56,0,0,76,65,-68,-20,77,116,46,83,105,110,97,105,6,0,0,0,-24,3,0,0,10,0,0,0,-85,0,0,  0]"
172,"[-80,-55,0,0,76,65,-68,-20,77,116,46,83,105,110,97,105,6,0,0,0,-24,3,0,0,10,0,0,0,-84,0,0,  0]"
173,"[-36,-54,0,0,76,65,-68,-20,77,116,46,83,105,110,97,105,6,0,0,0,-24,3,0,0,10,0,0,0,-83,0,0,  0]"
174,"[8,-52,0,0,76,65,-68,-20,77,116,46,83,105,110,97,105,6,0,0,0,-24,3,0,0,10,0,0,0,-82,0,0,  0]"
175,"[52,-51,0,0,76,65,-68,-20,77,116,46,83,105,110,97,105,6,0,0,0,-24,3,0,0,10,0,0,0,-81,0,0,  0]"
176,"[96,-50,0,0,76,65,-68,-20,77,116,46,83,105,110,97,105,6,0,0,0,-24,3,0,0,10,0,0,0,-80,0,0,  0]"
177,"[-116,-49,0,0,76,65,-68,-20,77,116,46,83,105,110,97,105,6,0,0,0,-24,3,0,0,10,0,0,0,-79,0,0,  0]"
178,"[-72,-48,0,0,76,65,-68,-20,77,116,46,83,105,110,97,105,6,0,0,0,-24,3,0,0,10,0,0,0,-78,0,0,  0]"
179,"[-28,-47,0,0,76,65,-68,-20,77,116,46,83,105,110,97,105,6,0,0,0,-24,3,0,0,10,0,0,0,-77,0,0,  0]"
180,"[16,-45,0,0,76,65,-68,-20,77,116,46,83,105,110,97,105,6,0,0,0,-24,3,0,0,10,0,0,0,-76,0,0,  0]"
181,"[60,-44,0,0,76,65,-68,-20,77,116,46,83,105,110,97,105,6,0,0,0,-24,3,0,0,10,0,0,0,-75,0,0,  0]"
182,"[104,-43,0,0,76,65,-68,-20,77,116,46,83,105,110,97,105,6,0,0,0,-24,3,0,0,10,0,0,0,-74,0,0,  0]"
183,"[-108,-42,0,0,76,65,-68,-20,77,116,46,83,105,110,97,105,6,0,0,0,-24,3,0,0,10,0,0,0,-73,0,0,  0]"
184,"[-64,-41,0,0,76,65,-68,-20,77,116,46,83,105,110,97,105,6,0,0,0,-24,3,0,0,10,0,0,0,-72,0,0,  0]"
185,"[-20,-40,0,0,76,65,-68,-20,77,116,46,83,105,110,97,105,6,0,0,0,-24,3,0,0,10,0,0,0,-71,0,0,  0]"
186,"[24,-38,0,0,76,65,-68,-20,77,116,46,83,105,110,97,105,6,0,0,0,-24,3,0,0,10,0,0,0,-70,0,0,  0]"
187,"[68,-37,0,0,76,65,-68,-20,77,116,46,83,105,110,97,105,6,0,0,0,-24,3,0,0,10,0,0,0,-69,0,0,  0]"
188,"[112,-36,0,0,76,65,-68,-20,77,116,46,83,105,110,97,105,6,0,0,0,-24,3,0,0,10,0,0,0,-68,0,0,  0]"
189,"[-100,-35,0,0,76,65,-68,-20,77,116,46,83,105,110,97,105,6,0,0,0,-24,3,0,0,10,0,0,0,-67,0,0,  0]"
190,"[-56,-34,0,0,76,65,-68,-20,77,116,46,83,105,110,97,105,6,0,0,0,-24,3,0,0,10,0,0,0,-66,0,0,  0]"
191,"[-12,-33,0,0,76,65,-68,-20,77,116,46,83,105,110,97,105,6,0,0,0,-24,3,0,0,10,0,0,0,-65,0,0,  0]"
192,"[32,-31,0,0,76,65,-68,-20,77,116,46,83,105,110,97,105,6,0,0,0,-24,3,0,0,10,0,0,0,-64,0,0,  0]"
193,"[76,-30,0,0,76,65,-68,-20,77,116,46,83,105,110,97,105,6,0,0,0,-24,3,0,0,10,0,0,0,-63,0,0,  0]"
194,"[120,-29,0,0,76,65,-68,-20,77,116,46,83,105,110,97,105,6,0,0,0,-24,3,0,0,10,0,0,0,-62,0,0,  0]"
195,"[-92,-28,0,0,76,65,-68,-20,77,116,46,83,105,110,97,105,6,0,0,0,-24,3,0,0,10,0,0,0,-61,0,0,  0]"
196,"[-48,-27,0,0,76,65,-68,-20,77,116,46,83,105,110,97,105,6,0,0,0,-24,3,0,0,10,0,0,0,-60,0,0,  0]"
197,"[-4,-26,0,0,76,65,-68,-20,77,116,46,83,105,110,97,105,6,0,0,0,-24,3,0,0,10,0,0,0,-59,0,0,  0]"
198,"[40,-24,0,0,76,65,-68,-20,77,116,46,83,105,110,97,105,6,0,0,0,-24,3,0,0,10,0,0,0,-58,0,0,  0]"
199,"[84,-23,0,0,76,65,-68,-20,77,116,46,83,105,110,97,105,6,0,0,0,-24,3,0,0,10,0,0,0,-57,0,0,  0]"
200,"[-128,-22,0,0,76,65,-68,-20,77,116,46,83,105,110,97,105,6,0,0,0,-24,3,0,0,10,0,0,0,-56,0,0,  0]"
201,"[-84,-21,0,0,76,65,-68,-20,77,116,46,83,105,110,97,105,6,0,0,0,-24,3,0,0,10,0,0,0,-55,0,0,  0]"
202,"[-40,-20,0,0,76,65,-68,-20,77,116,46,83,105,110,97,105,6,0,0,0,-24,3,0,0,10,0,0,0,-54,0,0,  0]"
203,"[4,-18,0,0,76,65,-68,-20,77,116,46,83,105,110,97,105,6,0,0,0,-24,3,0,0,10,0,0,0,-53,0,0,  0]"
204,"[48,-17,0,0,76,65,-68,-20,77,116,46,83,105,110,97,105,6,0,0,0,-24,3,0,0,10,0,0,0,-52,0,0,  0]"
205,"[92,-16,0,0,76,65,-68,-20,77,116,46,83,105,110,97,105,6,0,0,0,-24,3,0,0,10,0,0,0,-51,0,0,  0]"
206,"[-120,-15,0,0,76,65,-68,-20,77,116,46,83,105,110,97,105,6,0,0,0,-24,3,0,0,10,0,0,0,-50,0,0,  0]"
207,"[-76,-14,0,0,76,65,-68,-20,77,116,46,83,105,110,97,105,6,0,0,0,-24,3,0,0,10,0,0,0,-49,0,0,  0]"
208,"[-32,-13,0,0,76,65,-68,-20,77,116,46,83,105,110,97,105,6,0,0,0,-24,3,0,0,10,0,0,0,-48,0,0,  0]"
209,"[12,-11,0,0,76,65,-68,-20,77,116,46,83,105,110,97,105,6,0,0,0,-24,3,0,0,10,0,0,0,-47,0,0,  0]"
210,"[56,-10,0,0,76,65,-68,-20,77,116,46,83,105,110,97,105,6,0,0,0,-24,3,0,0,10,0,0,0,-46,0,0,  0]"
211,"[100,-9,0,0,76,65,-68,-20,77,116,46,83,105,110,97,105,6,0,0,0,-24,3,0,0,10,0,0,0,-45,0,0,  0]"
212,"[-112,-8,0,0,76,65,-68,-20,77,116,46,83,105,110,97,105,6,0,0,0,-24,3,0,0,10,0,0,0,-44,0,0,  0]"
213,"[-68,-7,0,0,76,65,-68,-20,77,116,46,83,105,110,97,105,6,0,0,0,-24,3,0,0,10,0,0,0,-43,0,0,  0]"
214,"[-24,-6,0,0,76,65,-68,-20,77,116,46,83,105,110,97,105,6,0,0,0,-24,3,0,0,10,0,0,0,-42,0,0,  0]"
215,"[20,-4,0,0,76,65,-68,-20,77,116,46,83,105,110,97,105,6,0,0,0,-24,3,0,0,10,0,0,0,-41,0,0,  0]"
216,"[64,-3,0,0,76,65,-68,-20,77,116,46,83,105,110,97,105,6,0,0,0,-24,3,0,0,10,0,0,0,-40,0,0,  0]"
217,"[108,-2,0,0,76,65,-68,-20,77,116,46,83,105,110,97,105,6,0,0,0,-24,3,0,0,10,0,0,0,-39,0,0,  0]"
218,"[-104,-1,0,0,76,65,-68,-20,77,116,46,83,105,110,97,105,6,0,0,0,-24,3,0,0,10,0,0,0,-38,0,0,  0]"
219,"[-60,0,1,0,76,65,-68,-20,77,116,46,83,105,110,97,105,6,0,0,0,-24,3,0,0,10,0,0,0,-37,0,0,  0]"
220,"[-16,1,1,0,76,65,-68,-20,77,116,46,83,105,110,97,105,6,0,0,0,-24,3,0,0,10,0,0,0,-36,0,0,  0]"
221,"[28,3,1,0,76,65,-68,-20,77,116,46,83,105,110,97,105,6,0,0,0,-24,3,0,0,10,0,0,0,-35,0,0,  0]"
222,"[72,4,1,0,76,65,-68,-20,77,116,46,83,105,110,97,105,6,0,0,0,-24,3,0,0,10,0,0,0,-34,0,0,  0]"
223,"[116,5,1,0,76,65,-68,-20,77,116,46,83,105,110,97,105,6,0,0,0,-24,3,0,0,10,0,0,0,-33,0,0,  0]"
224,"[-96,6,1,0,76,65,-68,-20,77,116,46,83,105,110,97,105,6,0,0,0,-24,3,0,0,10,0,0,0,-32,0,0,  0]"
225,"[-52,7,1,0,76,65,-68,-20,77,116,46,83,105,110,97,105,6,0,0,0,-24,3,0,0,10,0,0,0,-31,0,0,  0]"
226,"[-8,8,1,0,76,65,-68,-20,77,116,46,83,105,110,97,105,6,0,0,0,-24,3,0,0,10,0,0,0,-30,0,0,  0]"
227,"[36,10,1,0,76,65,-68,-20,77,116,46,83,105,110,97,105,6,0,0,0,-24,3,0,0,10,0,0,0,-29,0,0,  0]"
228,"[80,11,1,0,76,65,-68,-20,77,116,46,83,105,110,97,105,6,0,0,0,-24,3,0,0,10,0,0,0,-28,0,0,  0]"
229,"[124,12,1,0,76,65,-68,-20,77,116,46,83,105,110,97,105,6,0,0,0,-24,3,0,0,10,0,0,0,-27,0,0,  0]"
230,"[-88,13,1,0,76,65,-68,-20,77,116,46,83,105,110,97,105,6,0,0,0,-24,3,0,0,10,0,0,0,-26,0,0,  0]"
231,"[-44,14,1,0,76,65,-68,-20,77,116,46,83,105,110,97,105,6,0,0,0,-24,3,0,0,10,0,0,0,-25,0,0,  0]"
232,"[0,16,1,0,76,65,-68,-20,77,116,46,83,105,110,97,105,6,0,0,0,-24,3,0,0,10,0,0,0,-24,0,0,  0]"
233,"[44,17,1,0,76,65,-68,-20,77,116,46,83,105,110,97,105,6,0,0,0,-24,3,0,0,10,0,0,0,-23,0,0,  0]"
234,"[88,18,1,0,76,65,-68,-20,77,116,46,83,105,110,97,105,6,0,0,0,-24,3,0,0,10,0,0,0,-22,0,0,  0]"
235,"[-124,19,1,0,76,65,-68,-20,77,116,46,83,105,110,97,105,6,0,0,0,-24,3,0,0,10,0,0,0,-21,0,0,  0]"
236,"[-80,20,1,0,76,65,-68,-20,77,116,46,83,105,110,97,105,6,0,0,0,-24,3,0,0,10,0,0,0,-20,0,0,  0]"
237,"[-36,21,1,0,76,65,-68,-20,77,116,46,83,105,110,97,105,6,0,0,0,-24,3,0,0,10,0,0,0,-19,0,0,  0]"
238,"[8,23,1,0,76,65,-68,-20,77,116,46,83,105,110,97,105,6,0,0,0,-24,3,0,0,10,0,0,0,-18,0,0,  0]"
239,"[52,24,1,0,76,65,-68,-20,77,116,46,83,105,110,97,105,6,0,0,0,-24,3,0,0,10,0,0,0,-17,0,0,  0]"
240,"[96,25,1,0,76,65,-68,-20,77,116,46,83,105,110,97,105,6,0,0,0,-24,3,0,0,10,0,0,0,-16,0,0,  0]"
241,"[-116,26,1,0,76,65,-68,-20,77,116,46,83,105,110,97,105,6,0,0,0,-24,3,0,0,10,0,0,0,-15,0,0,  0]"
242,"[-72,27,1,0,76,65,-68,-20,77,116,46,83,105,110,97,105,6,0,0,0,-24,3,0,0,10,0,0,0,-14,0,0,  0]"
243,"[-28,28,1,0,76,65,-68,-20,77,116,46,83,105,110,97,105,6,0,0,0,-24,3,0,0,10,0,0,0,-13,0,0,  0]"
244,"[16,30,1,0,76,65,-68,-20,77,116,46,83,105,110,97,105,6,0,0,0,-24,3,0,0,10,0,0,0,-12,0,0,  0]"
245,"[60,31,1,0,76,65,-68,-20,77,116,46,83,105,110,97,105,6,0,0,0,-24,3,0,0,10,0,0,0,-11,0,0,  0]"
246,"[104,32,1,0,76,65,-68,-20,77,116,46,83,105,110,97,105,6,0,0,0,-24,3,0,0,10,0,0,0,-10,0,0,  0]"
247,"[-108,33,1,0,76,65,-68,-20,77,116,46,83,105,110,97,105,6,0,0,0,-24,3,0,0,10,0,0,0,-9,0,0,  0]"
248,"[-64,34,1,0,76,65,-68,-20,77,116,46,83,105,110,97,105,6,0,0,0,-24,3,0,0,10,0,0,0,-8,0,0,  0]"
249,"[-20,35,1,0,76,65,-68,-20,77,116,46,83,105,110,97,105,6,0,0,0,-24,3,0,0,10,0,0,0,-7,0,0,  0]"
250,"[24,37,1,0,76,65,-68,-20,77,116,46,83,105,110,97,105,6,0,0,0,-24,3,0,0,10,0,0,0,-6,0,0,  0]"
251,"[68,38,1,0,76,65,-68,-20,77,116,46,83,105,110,97,105,6,0,0,0,-24,3,0,0,10,0,0,0,-5,0,0,  0]"
252,"[112,39,1,0,76,65,-68,-20,77,116,46,83,105,110,97,105,6,0,0,0,-24,3,0,0,10,0,0,0,-4,0,0,  0]"
253,"[-100,40,1,0,76,65,-68,-20,77,116,46,83,105,110,97,105,6,0,0,0,-24,3,0,0,10,0,0,0,-3,0,0,  0]"
254,"[-56,41,1,0,76,65,-68,-20,77,116,46,83,105,110,97,105,6,0,0,0,-24,3,0,0,10,0,0,0,-2,0,0,  0]"
255,"[-12,42,1,0,76,65,-68,-20,77,116,46,83,105,110,97,105,6,0,0,0,-24,3,0,0,10,0,0,0,-1,0,0,  0]"
256,"[32,44,1,0,76,65,-68,-20,77,116,46,83,105,110,97,105,6,0,0,0,-24,3,0,0,10,0,0,0,0,1,0,  0]"
257,"[76,45,1,0,76,65,-68,-20,77,116,46,83,105,110,97,105,6,0,0,0,-24,3,0,0,10,0,0,0,1,1,0,  0]"
258,"[120,46,1,0,76,65,-68,-20,77,116,46,83,105,110,97,105,6,0,0,0,-24,3,0,0,10,0,0,0,2,1,0,  0]"
259,"[-92,47,1,0,76,65,-68,-20,77,116,46,83,105,110,97,105,6,0,0,0,-24,3,0,0,10,0,0,0,3,1,0,  0]"
260,"[-48,48,1,0,76,65,-68,-20,77,116,46,83,105,110,97,105,6,0,0,0,-24,3,0,0,10,0,0,0,4,1,0,  0]"
261,"[-4,49,1,0,76,65,-68,-20,77,116,46,83,105,110,97,105,6,0,0,0,-24,3,0,0,10,0,0,0,5,1,0,  0]"
262,"[40,51,1,0,76,65,-68,-20,77,116,46,83,105,110,97,105,6,0,0,0,-24,3,0,0,10,0,0,0,6,1,0,  0]"
263,"[84,52,1,0,76,65,-68,-20,77,116,46,83,105,110,97,105,6,0,0,0,-24,3,0,0,10,0,0,0,7,1,0,  0]"
264,"[-128,53,1,0,76,65,-68,-20,77,116,46,83,105,110,97,105,6,0,0,0,-24,3,0,0,10,0,0,0,8,1,0,  0]"
265,"[-84,54,1,0,76,65,-68,-20,77,116,46,83,105,110,97,105,6,0,0,0,-24,3,0,0,10,0,0,0,9,1,0,  0]"
266,"[-40,55,1,0,76,65,-68,-20,77,116,46,83,105,110,97,105,6,0,0,0,-24,3,0,0,10,0,0,0,10,1,0,  0]"
267,"[4,57,1,0,76,65,-68,-20,77,116,46,83,105,110,97,105,6,0,0,0,-24,3,0,0,10,0,0,0,11,1,0,  0]"
268,"[48,58,1,0,76,65,-68,-20,77,116,46,83,105,110,97,105,6,0,0,0,-24,3,0,0,10,0,0,0,12,1,0,  0]"
269,"[92,59,1,0,76,65,-68,-20,77,116,46,83,105,110,97,105,6,0,0,0,-24,3,0,0,10,0,0,0,13,1,0,  0]"
270,"[-120,60,1,0,76,65,-68,-20,77,116,46,83,105,110,97,105,6,0,0,0,-24,3,0,0,10,0,0,0,14,1,0,  0]"
271,"[-76,61,1,0,76,65,-68,-20,77,116,46,83,105,110,97,105,6,0,0,0,-24,3,0,0,10,0,0,0,15,1,0,  0]"
272,"[-32,62,1,0,76,65,-68,-20,77,116,46,83,105,110,97,105,6,0,0,0,-24,3,0,0,10,0,0,0,16,1,0,  0]"
273,"[12,64,1,0,76,65,-68,-20,77,116,46,83,105,110,97,105,6,0,0,0,-24,3,0,0,10,0,0,0,17,1,0,  0]"
274,"[56,65,1,0,76,65,-68,-20,77,116,46,83,105,110,97,105,6,0,0,0,-24,3,0,0,10,0,0,0,18,1,0,  0]"
275,"[100,66,1,0,76,65,-68,-20,77,116,46,83,105,110,97,105,6,0,0,0,-24,3,0,0,10,0,0,0,19,1,0,  0]"
276,"[-112,67,1,0,76,65,-68,-20,77,116,46,83,105,110,97,105,6,0,0,0,-24,3,0,0,10,0,0,0,20,1,0,  0]"
277,"[-68,68,1,0,76,65,-68,-20,77,116,46,83,105,110,97,105,6,0,0,0,-24,3,0,0,10,0,0,0,21,1,0,  0]"
278,"[-24,69,1,0,76,65,-68,-20,77,116,46,83,105,110,97,105,6,0,0,0,-24,3,0,0,10,0,0,0,22,1,0,  0]"
279,"[20,71,1,0,76,65,-68,-20,77,116,46,83,105,110,97,105,6,0,0,0,-24,3,0,0,10,0,0,0,23,1,0,  0]"
280,"[64,72,1,0,76,65,-68,-20,77,116,46,83,105,110,97,105,6,0,0,0,-24,3,0,0,10,0,0,0,24,1,0,  0]"
281,"[108,73,1,0,76,65,-68,-20,77,116,46,83,105,110,97,105,6,0,0,0,-24,3,0,0,10,0,0,0,25,1,0,  0]"
282,"[-104,74,1,0,76,65,-68,-20,77,116,46,83,105,110,97,105,6,0,0,0,-24,3,0,0,10,0,0,0,26,1,0,  0]"
283,"[-60,75,1,0,76,65,-68,-20,77,116,46,83,105,110,97,105,6,0,0,0,-24,3,0,0,10,0,0,0,27,1,0,  0]"
284,"[-16,76,1,0,76,65,-68,-20,77,116,46,83,105,110,97,105,6,0,0,0,-24,3,0,0,10,0,0,0,28,1,0,  0]"
285,"[28,78,1,0,76,65,-68,-20,77,116,46,83,105,110,97,105,6,0,0,0,-24,3,0,0,10,0,0,0,29,1,0,  0]"
286,"[72,79,1,0,76,65,-68,-20,77,116,46,83,105,110,97,105,6,0,0,0,-24,3,0,0,10,0,0,0,30,1,0,  0]"
287,"[116,80,1,0,76,65,-68,-20,77,116,46,83,105,110,97,105,6,0,0,0,-24,3,0,0,10,0,0,0,31,1,0,  0]"
288,"[-96,81,1,0,76,65,-68,-20,77,116,46,83,105,110,97,105,6,0,0,0,-24,3,0,0,10,0,0,0,32,1,0,  0]"
289,"[-52,82,1,0,76,65,-68,-20,77,116,46,83,105,110,97,105,6,0,0,0,-24,3,0,0,10,0,0,0,33,1,0,  0]"
290,"[-8,83,1,0,76,65,-68,-20,77,116,46,83,105,110,97,105,6,0,0,0,-24,3,0,0,10,0,0,0,34,1,0,  0]"
291,"[36,85,1,0,76,65,-68,-20,77,116,46,83,105,110,97,105,6,0,0,0,-24,3,0,0,10,0,0,0,35,1,0,  0]"
292,"[80,86,1,0,76,65,-68,-20,77,116,46,83,105,110,97,105,6,0,0,0,-24,3,0,0,10,0,0,0,36,1,0,  0]"
293,"[124,87,1,0,76,65,-68,-20,77,116,46,83,105,110,97,105,6,0,0,0,-24,3,0,0,10,0,0,0,37,1,0,  0]"
294,"[-88,88,1,0,76,65,-68,-20,77,116,46,83,105,110,97,105,6,0,0,0,-24,3,0,0,10,0,0,0,38,1,0,  0]"
295,"[-44,89,1,0,76,65,-68,-20,77,116,46,83,105,110,97,105,6,0,0,0,-24,3,0,0,10,0,0,0,39,1,0,  0]"
296,"[0,91,1,0,76,65,-68,-20,77,116,46,83,105,110,97,105,6,0,0,0,-24,3,0,0,10,0,0,0,40,1,0,  0]"
297,"[44,92,1,0,76,65,-68,-20,77,116,46,83,105,110,97,105,6,0,0,0,-24,3,0,0,10,0,0,0,41,1,0,  0]"
298,"[88,93,1,0,76,65,-68,-20,77,116,46,83,105,110,97,105,6,0,0,0,-24,3,0,0,10,0,0,0,42,1,0,  0]"
299,"[-124,94,1,0,76,65,-68,-20,77,116,46,83,105,110,97,105,6,0,0,0,-24,3,0,0,10,0,0,0,43,1,0,  0]"
300,"[-80,95,1,0,76,65,-68,-20,77,116,46,83,105,110,97,105,6,0,0,0,-24,3,0,0,10,0,0,0,44,1,0,  0]"
301,"[-36,96,1,0,76,65,-68,-20,77,116,46,83,105,110,97,105,6,0,0,0,-24,3,0,0,10,0,0,0,45,1,0,  0]"
302,"[8,98,1,0,76,65,-68,-20,77,116,46,83,105,110,97,105,6,0,0,0,-24,3,0,0,10,0,0,0,46,1,0,  0]"
303,"[52,99,1,0,76,65,-68,-20,77,116,46,83,105,110,97,105,6,0,0,0,-24,3,0,0,10,0,0,0,47,1,0,  0]"
304,"[96,100,1,0,76,65,-68,-20,77,116,46,83,105,110,97,105,6,0,0,0,-24,3,0,0,10,0,0,0,48,1,0,  0]"
305,"[-116,101,1,0,76,65,-68,-20,77,116,46,83,105,110,97,105,6,0,0,0,-24,3,0,0,10,0,0,0,49,1,0,  0]"
306,"[-72,102,1,0,76,65,-68,-20,77,116,46,83,105,110,97,105,6,0,0,0,-24,3,0,0,10,0,0,0,50,1,0,  0]"
307,"[-28,103,1,0,76,65,-68,-20,77,116,46,83,105,110,97,105,6,0,0,0,-24,3,0,0,10,0,0,0,51,1,0,  0]"
308,"[16,105,1,0,76,65,-68,-20,77,116,46,83,105,110,97,105,6,0,0,0,-24,3,0,0,10,0,0,0,52,1,0,  0]"
309,"[60,106,1,0,76,65,-68,-20,77,116,46,83,105,110,97,105,6,0,0,0,-24,3,0,0,10,0,0,0,53,1,0,  0]"
310,"[104,107,1,0,76,65,-68,-20,77,116,46,83,105,110,97,105,6,0,0,0,-24,3,0,0,10,0,0,0,54,1,0,  0]"
311,"[-108,108,1,0,76,65,-68,-20,77,116,46,83,105,110,97,105,6,0,0,0,-24,3,0,0,10,0,0,0,55,1,0,  0]"
312,"[-64,109,1,0,76,65,-68,-20,77,116,46,83,105,110,97,105,6,0,0,0,-24,3,0,0,10,0,0,0,56,1,0,  0]"
313,"[-20,110,1,0,76,65,-68,-20,77,116,46,83,105,110,97,105,6,0,0,0,-24,3,0,0,10,0,0,0,57,1,0,  0]"
314,"[24,112,1,0,76,65,-68,-20,77,116,46,83,105,110,97,105,6,0,0,0,-24,3,0,0,10,0,0,0,58,1,0,  0]"
315,"[68,113,1,0,76,65,-68,-20,77,116,46,83,105,110,97,105,6,0,0,0,-24,3,0,0,10,0,0,0,59,1,0,  0]"
316,"[112,114,1,0,76,65,-68,-20,77,116,46,83,105,110,97,105,6,0,0,0,-24,3,0,0,10,0,0,0,60,1,0,  0]"
317,"[-100,115,1,0,76,65,-68,-20,77,116,46,83,105,110,97,105,6,0,0,0,-24,3,0,0,10,0,0,0,61,1,0,  0]"
318,"[-56,116,1,0,76,65,-68,-20,77,116,46,83,105,110,97,105,6,0,0,0,-24,3,0,0,10,0,0,0,62,1,0,  0]"
319,"[-12,117,1,0,76,65,-68,-20,77,116,46,83,105,110,97,105,6,0,0,0,-24,3,0,0,10,0,0,0,63,1,0,  0]"
320,"[32,119,1,0,76,65,-68,-20,77,116,46,83,105,110,97,105,6,0,0,0,-24,3,0,0,10,0,0,0,64,1,0,  0]"
321,"[76,120,1,0,76,65,-68,-20,77,116,46,83,105,110,97,105,6,0,0,0,-24,3,0,0,10,0,0,0,65,1,0,  0]"
322,"[120,121,1,0,76,65,-68,-20,77,116,46,83,105,110,97,105,6,0,0,0,-24,3,0,0,10,0,0,0,66,1,0,  0]"
323,"[-92,122,1,0,76,65,-68,-20,77,116,46,83,105,110,97,105,6,0,0,0,-24,3,0,0,10,0,0,0,67,1,0,  0]"
324,"[-48,123,1,0,76,65,-68,-20,77,116,46,83,105,110,97,105,6,0,0,0,-24,3,0,0,10,0,0,0,68,1,0,  0]"
325,"[-4,124,1,0,76,65,-68,-20,77,116,46,83,105,110,97,105,6,0,0,0,-24,3,0,0,10,0,0,0,69,1,0,  0]"
326,"[40,126,1,0,76,65,-68,-20,77,116,46,83,105,110,97,105,6,0,0,0,-24,3,0,0,10,0,0,0,70,1,0,  0]"
327,"[84,127,1,0,76,65,-68,-20,77,116,46,83,105,110,97,105,6,0,0,0,-24,3,0,0,10,0,0,0,71,1,0,  0]"
328,"[-128,-128,1,0,76,65,-68,-20,77,116,46,83,105,110,97,105,6,0,0,0,-24,3,0,0,10,0,0,0,72,1,0,  0]"
329,"[-84,-127,1,0,76,65,-68,-20,77,116,46,83,105,110,97,105,6,0,0,0,-24,3,0,0,10,0,0,0,73,1,0,  0]"
330,"[-40,-126,1,0,76,65,-68,-20,77,116,46,83,105,110,97,105,6,0,0,0,-24,3,0,0,10,0,0,0,74,1,0,  0]"
331,"[4,-124,1,0,76,65,-68,-20,77,116,46,83,105,110,97,105,6,0,0,0,-24,3,0,0,10,0,0,0,75,1,0,  0]"
332,"[48,-123,1,0,76,65,-68,-20,77,116,46,83,105,110,97,105,6,0,0,0,-24,3,0,0,10,0,0,0,76,1,0,  0]"
333,"[92,-122,1,0,76,65,-68,-20,77,116,46,83,105,110,97,105,6,0,0,0,-24,3,0,0,10,0,0,0,77,1,0,  0]"
334,"[-120,-121,1,0,76,65,-68,-20,77,116,46,83,105,110,97,105,6,0,0,0,-24,3,0,0,10,0,0,0,78,1,0,  0]"
335,"[-76,-120,1,0,76,65,-68,-20,77,116,46,83,105,110,97,105,6,0,0,0,-24,3,0,0,10,0,0,0,79,1,0,  0]"
336,"[-32,-119,1,0,76,65,-68,-20,77,116,46,83,105,110,97,105,6,0,0,0,-24,3,0,0,10,0,0,0,80,1,0,  0]"
337,"[12,-117,1,0,76,65,-68,-20,77,116,46,83,105,110,97,105,6,0,0,0,-24,3,0,0,10,0,0,0,81,1,0,  0]"
338,"[56,-116,1,0,76,65,-68,-20,77,116,46,83,105,110,97,105,6,0,0,0,-24,3,0,0,10,0,0,0,82,1,0,  0]"
339,"[100,-115,1,0,76,65,-68,-20,77,116,46,83,105,110,97,105,6,0,0,0,-24,3,0,0,10,0,0,0,83,1,0,  0]"
340,"[-112,-114,1,0,76,65,-68,-20,77,116,46,83,105,110,97,105,6,0,0,0,-24,3,0,0,10,0,0,0,84,1,0,  0]"
341,"[-68,-113,1,0,76,65,-68,-20,77,116,46,83,105,110,97,105,6,0,0,0,-24,3,0,0,10,0,0,0,85,1,0,  0]"
342,"[-24,-112,1,0,76,65,-68,-20,77,116,46,83,105,110,97,105,6,0,0,0,-24,3,0,0,10,0,0,0,86,1,0,  0]"
343,"[20,-110,1,0,76,65,-68,-20,77,116,46,83,105,110,97,105,6,0,0,0,-24,3,0,0,10,0,0,0,87,1,0,  0]"
344,"[64,-109,1,0,76,65,-68,-20,77,116,46,83,105,110,97,105,6,0,0,0,-24,3,0,0,10,0,0,0,88,1,0,  0]"
345,"[108,-108,1,0,76,65,-68,-20,77,116,46,83,105,110,97,105,6,0,0,0,-24,3,0,0,10,0,0,0,89,1,0,  0]"
346,"[-104,-107,1,0,76,65,-68,-20,77,116,46,83,105,110,97,105,6,0,0,0,-24,3,0,0,10,0,0,0,90,1,0,  0]"
347,"[-60,-106,1,0,76,65,-68,-20,77,116,46,83,105,110,97,105,6,0,0,0,-24,3,0,0,10,0,0,0,91,1,0,  0]"
348,"[-16,-105,1,0,76,65,-68,-20,77,116,46,83,105,110,97,105,6,0,0,0,-24,3,0,0,10,0,0,0,92,1,0,  0]"
349,"[28,-103,1,0,76,65,-68,-20,77,116,46,83,105,110,97,105,6,0,0,0,-24,3,0,0,10,0,0,0,93,1,0,  0]"
350,"[72,-102,1,0,76,65,-68,-20,77,116,46,83,105,110,97,105,6,0,0,0,-24,3,0,0,10,0,0,0,94,1,0,  0]"
351,"[116,-101,1,0,76,65,-68,-20,77,116,46,83,105,110,97,105,6,0,0,0,-24,3,0,0,10,0,0,0,95,1,0,  0]"
352,"[-96,-100,1,0,76,65,-68,-20,77,116,46,83,105,110,97,105,6,0,0,0,-24,3,0,0,10,0,0,0,96,1,0,  0]"
353,"[-52,-99,1,0,76,65,-68,-20,77,116,46,83,105,110,97,105,6,0,0,0,-24,3,0,0,10,0,0,0,97,1,0,  0]"
354,"[-8,-98,1,0,76,65,-68,-20,77,116,46,83,105,110,97,105,6,0,0,0,-24,3,0,0,10,0,0,0,98,1,0,  0]"
355,"[36,-96,1,0,76,65,-68,-20,77,116,46,83,105,110,97,105,6,0,0,0,-24,3,0,0,10,0,0,0,99,1,0,  0]"
356,"[80,-95,1,0,76,65,-68,-20,77,116,46,83,105,110,97,105,6,0,0,0,-24,3,0,0,10,0,0,0,100,1,0,  0]"
357,"[124,-94,1,0,76,65,-68,-20,77,116,46,83,105,110,97,105,6,0,0,0,-24,3,0,0,10,0,0,0,101,1,0,  0]"
358,"[-88,-93,1,0,76,65,-68,-20,77,116,46,83,105,110,97,105,6,0,0,0,-24,3,0,0,10,0,0,0,102,1,0,  0]"
359,"[-44,-92,1,0,76,65,-68,-20,77,116,46,83,105,110,97,105,6,0,0,0,-24,3,0,0,10,0,0,0,103,1,0,  0]"
360,"[0,-90,1,0,76,65,-68,-20,77,116,46,83,105,110,97,105,6,0,0,0,-24,3,0,0,10,0,0,0,104,1,0,  0]"
361,"[44,-89,1,0,76,65,-68,-20,77,116,46,83,105,110,97,105,6,0,0,0,-24,3,0,0,10,0,0,0,105,1,0,  0]"
362,"[88,-88,1,0,76,65,-68,-20,77,116,46,83,105,110,97,105,6,0,0,0,-24,3,0,0,10,0,0,0,106,1,0,  0]"
363,"[-124,-87,1,0,76,65,-68,-20,77,116,46,83,105,110,97,105,6,0,0,0,-24,3,0,0,10,0,0,0,107,1,0,  0]"
364,"[-80,-86,1,0,76,65,-68,-20,77,116,46,83,105,110,97,105,6,0,0,0,-24,3,0,0,10,0,0,0,108,1,0,  0]"
365,"[-36,-85,1,0,76,65,-68,-20,77,116,46,83,105,110,97,105,6,0,0,0,-24,3,0,0,10,0,0,0,109,1,0,  0]"
366,"[8,-83,1,0,76,65,-68,-20,77,116,46,83,105,110,97,105,6,0,0,0,-24,3,0,0,10,0,0,0,110,1,0,  0]"
367,"[52,-82,1,0,76,65,-68,-20,77,116,46,83,105,110,97,105,6,0,0,0,-24,3,0,0,10,0,0,0,111,1,0,  0]"
368,"[96,-81,1,0,76,65,-68,-20,77,116,46,83,105,110,97,105,6,0,0,0,-24,3,0,0,10,0,0,0,112,1,0,  0]"
369,"[-116,-80,1,0,76,65,-68,-20,77,116,46,83,105,110,97,105,6,0,0,0,-24,3,0,0,10,0,0,0,113,1,0,  0]"
370,"[-72,-79,1,0,76,65,-68,-20,77,116,46,83,105,110,97,105,6,0,0,0,-24,3,0,0,10,0,0,0,114,1,0,  0]"
371,"[-28,-78,1,0,76,65,-68,-20,77,116,46,83,105,110,97,105,6,0,0,0,-24,3,0,0,10,0,0,0,115,1,0,  0]"
372,"[16,-76,1,0,76,65,-68,-20,77,116,46,83,105,110,97,105,6,0,0,0,-24,3,0,0,10,0,0,0,116,1,0,  0]"
373,"[60,-75,1,0,76,65,-68,-20,77,116,46,83,105,110,97,105,6,0,0,0,-24,3,0,0,10,0,0,0,117,1,0,  0]"
374,"[104,-74,1,0,76,65,-68,-20,77,116,46,83,105,110,97,105,6,0,0,0,-24,3,0,0,10,0,0,0,118,1,0,  0]"
375,"[-108,-73,1,0,76,65,-68,-20,77,116,46,83,105,110,97,105,6,0,0,0,-24,3,0,0,10,0,0,0,119,1,0,  0]"
376,"[-64,-72,1,0,76,65,-68,-20,77,116,46,83,105,110,97,105,6,0,0,0,-24,3,0,0,10,0,0,0,120,1,0,  0]"
377,"[-20,-71,1,0,76,65,-68,-20,77,116,46,83,105,110,97,105,6,0,0,0,-24,3,0,0,10,0,0,0,121,1,0,  0]"
378,"[24,-69,1,0,76,65,-68,-20,77,116,46,83,105,110,97,105,6,0,0,0,-24,3,0,0,10,0,0,0,122,1,0,  0]"
379,"[68,-68,1,0,76,65,-68,-20,77,116,46,83,105,110,97,105,6,0,0,0,-24,3,0,0,10,0,0,0,123,1,0,  0]"
380,"[112,-67,1,0,76,65,-68,-20,77,116,46,83,105,110,97,105,6,0,0,0,-24,3,0,0,10,0,0,0,124,1,0,  0]"
381,"[-100,-66,1,0,76,65,-68,-20,77,116,46,83,105,110,97,105,6,0,0,0,-24,3,0,0,10,0,0,0,125,1,0,  0]"
382,"[-56,-65,1,0,76,65,-68,-20,77,116,46,83,105,110,97,105,6,0,0,0,-24,3,0,0,10,0,0,0,126,1,0,  0]"
383,"[-12,-64,1,0,76,65,-68,-20,77,116,46,83,105,110,97,105,6,0,0,0,-24,3,0,0,10,0,0,0,127,1,0,  0]"
384,"[32,-62,1,0,76,65,-68,-20,77,116,46,83,105,110,97,105,6,0,0,0,-24,3,0,0,10,0,0,0,-128,1,0,  0]"
385,"[76,-61,1,0,76,65,-68,-20,77,116,46,83,105,110,97,105,6,0,0,0,-24,3,0,0,10,0,0,0,-127,1,0,  0]"
386,"[120,-60,1,0,76,65,-68,-20,77,116,46,83,105,110,97,105,6,0,0,0,-24,3,0,0,10,0,0,0,-126,1,0,  0]"
387,"[-92,-59,1,0,76,65,-68,-20,77,116,46,83,105,110,97,105,6,0,0,0,-24,3,0,0,10,0,0,0,-125,1,0,  0]"
388,"[-48,-58,1,0,76,65,-68,-20,77,116,46,83,105,110,97,105,6,0,0,0,-24,3,0,0,10,0,0,0,-124,1,0,  0]"
389,"[-4,-57,1,0,76,65,-68,-20,77,116,46,83,105,110,97,105,6,0,0,0,-24,3,0,0,10,0,0,0,-123,1,0,  0]"
390,"[40,-55,1,0,76,65,-68,-20,77,116,46,83,105,110,97,105,6,0,0,0,-24,3,0,0,10,0,0,0,-122,1,0,  0]"
391,"[84,-54,1,0,76,65,-68,-20,77,116,46,83,105,110,97,105,6,0,0,0,-24,3,0,0,10,0,0,0,-121,1,0,  0]"
392,"[-128,-53,1,0,76,65,-68,-20,77,116,46,83,105,110,97,105,6,0,0,0,-24,3,0,0,10,0,0,0,-120,1,0,  0]"
393,"[-84,-52,1,0,76,65,-68,-20,77,116,46,83,105,110,97,105,6,0,0,0,-24,3,0,0,10,0,0,0,-119,1,0,  0]"
394,"[-40,-51,1,0,76,65,-68,-20,77,116,46,83,105,110,97,105,6,0,0,0,-24,3,0,0,10,0,0,0,-118,1,0,  0]"
395,"[4,-49,1,0,76,65,-68,-20,77,116,46,83,105,110,97,105,6,0,0,0,-24,3,0,0,10,0,0,0,-117,1,0,  0]"
396,"[48,-48,1,0,76,65,-68,-20,77,116,46,83,105,110,97,105,6,0,0,0,-24,3,0,0,10,0,0,0,-116,1,0,  0]"
397,"[92,-47,1,0,76,65,-68,-20,77,116,46,83,105,110,97,105,6,0,0,0,-24,3,0,0,10,0,0,0,-115,1,0,  0]"
398,"[-120,-46,1,0,76,65,-68,-20,77,116,46,83,105,110,97,105,6,0,0,0,-24,3,0,0,10,0,0,0,-114,1,0,  0]"
399,"[-76,-45,1,0,76,65,-68,-20,77,116,46,83,105,110,97,105,6,0,0,0,-24,3,0,0,10,0,0,0,-113,1,0,  0]"
400,"[-32,-44,1,0,76,65,-68,-20,77,116,46,83,105,110,97,105,6,0,0,0,-24,3,0,0,10,0,0,0,-112,1,0,  0]"
401,"[12,-42,1,0,76,65,-68,-20,77,116,46,83,105,110,97,105,6,0,0,0,-24,3,0,0,10,0,0,0,-111,1,0,  0]"
402,"[56,-41,1,0,76,65,-68,-20,77,116,46,83,105,110,97,105,6,0,0,0,-24,3,0,0,10,0,0,0,-110,1,0,  0]"
403,"[100,-40,1,0,76,65,-68,-20,77,116,46,83,105,110,97,105,6,0,0,0,-24,3,0,0,10,0,0,0,-109,1,0,  0]"
404,"[-112,-39,1,0,76,65,-68,-20,77,116,46,83,105,110,97,105,6,0,0,0,-24,3,0,0,10,0,0,0,-108,1,0,  0]"
405,"[-68,-38,1,0,76,65,-68,-20,77,116,46,83,105,110,97,105,6,0,0,0,-24,3,0,0,10,0,0,0,-107,1,0,  0]"
406,"[-24,-37,1,0,76,65,-68,-20,77,116,46,83,105,110,97,105,6,0,0,0,-24,3,0,0,10,0,0,0,-106,1,0,  0]"
407,"[20,-35,1,0,76,65,-68,-20,77,116,46,83,105,110,97,105,6,0,0,0,-24,3,0,0,10,0,0,0,-105,1,0,  0]"
408,"[64,-34,1,0,76,65,-68,-20,77,116,46,83,105,110,97,105,6,0,0,0,-24,3,0,0,10,0,0,0,-104,1,0,  0]"
409,"[108,-33,1,0,76,65,-68,-20,77,116,46,83,105,110,97,105,6,0,0,0,-24,3,0,0,10,0,0,0,-103,1,0,  0]"
410,"[-104,-32,1,0,76,65,-68,-20,77,116,46,83,105,110,97,105,6,0,0,0,-24,3,0,0,10,0,0,0,-102,1,0,  0]"
411,"[-60,-31,1,0,76,65,-68,-20,77,116,46,83,105,110,97,105,6,0,0,0,-24,3,0,0,10,0,0,0,-101,1,0,  0]"
412,"[-16,-30,1,0,76,65,-68,-20,77,116,46,83,105,110,97,105,6,0,0,0,-24,3,0,0,10,0,0,0,-100,1,0,  0]"
413,"[28,-28,1,0,76,65,-68,-20,77,116,46,83,105,110,97,105,6,0,0,0,-24,3,0,0,10,0,0,0,-99,1,0,  0]"
414,"[72,-27,1,0,76,65,-68,-20,77,116,46,83,105,110,97,105,6,0,0,0,-24,3,0,0,10,0,0,0,-98,1,0,  0]"
415,"[116,-26,1,0,76,65,-68,-20,77,116,46,83,105,110,97,105,6,0,0,0,-24,3,0,0,10,0,0,0,-97,1,0,  0]"
416,"[-96,-25,1,0,76,65,-68,-20,77,116,46,83,105,110,97,105,6,0,0,0,-24,3,0,0,10,0,0,0,-96,1,0,  0]"
417,"[-52,-24,1,0,76,65,-68,-20,77,116,46,83,105,110,97,105,6,0,0,0,-24,3,0,0,10,0,0,0,-95,1,0,  0]"
418,"[-8,-23,1,0,76,65,-68,-20,77,116,46,83,105,110,97,105,6,0,0,0,-24,3,0,0,10,0,0,0,-94,1,0,  0]"
419,"[36,-21,1,0,76,65,-68,-20,77,116,46,83,105,110,97,105,6,0,0,0,-24,3,0,0,10,0,0,0,-93,1,0,  0]"
420,"[80,-20,1,0,76,65,-68,-20,77,116,46,83,105,110,97,105,6,0,0,0,-24,3,0,0,10,0,0,0,-92,1,0,  0]"
421,"[124,-19,1,0,76,65,-68,-20,77,116,46,83,105,110,97,105,6,0,0,0,-24,3,0,0,10,0,0,0,-91,1,0,  0]"
422,"[-88,-18,1,0,76,65,-68,-20,77,116,46,83,105,110,97,105,6,0,0,0,-24,3,0,0,10,0,0,0,-90,1,0,  0]"
423,"[-44,-17,1,0,76,65,-68,-20,77,116,46,83,105,110,97,105,6,0,0,0,-24,3,0,0,10,0,0,0,-89,1,0,  0]"
424,"[0,-15,1,0,76,65,-68,-20,77,116,46,83,105,110,97,105,6,0,0,0,-24,3,0,0,10,0,0,0,-88,1,0,  0]"
425,"[44,-14,1,0,76,65,-68,-20,77,116,46,83,105,110,97,105,6,0,0,0,-24,3,0,0,10,0,0,0,-87,1,0,  0]"
426,"[88,-13,1,0,76,65,-68,-20,77,116,46,83,105,110,97,105,6,0,0,0,-24,3,0,0,10,0,0,0,-86,1,0,  0]"
427,"[-124,-12,1,0,76,65,-68,-20,77,116,46,83,105,110,97,105,6,0,0,0,-24,3,0,0,10,0,0,0,-85,1,0,  0]"
428,"[-80,-11,1,0,76,65,-68,-20,77,116,46,83,105,110,97,105,6,0,0,0,-24,3,0,0,10,0,0,0,-84,1,0,  0]"
429,"[-36,-10,1,0,76,65,-68,-20,77,116,46,83,105,110,97,105,6,0,0,0,-24,3,0,0,10,0,0,0,-83,1,0,  0]"
430,"[8,-8,1,0,76,65,-68,-20,77,116,46,83,105,110,97,105,6,0,0,0,-24,3,0,0,10,0,0,0,-82,1,0,  0]"
431,"[52,-7,1,0,76,65,-68,-20,77,116,46,83,105,110,97,105,6,0,0,0,-24,3,0,0,10,0,0,0,-81,1,0,  0]"
432,"[96,-6,1,0,76,65,-68,-20,77,116,46,83,105,110,97,105,6,0,0,0,-24,3,0,0,10,0,0,0,-80,1,0,  0]"
433,"[-116,-5,1,0,76,65,-68,-20,77,116,46,83,105,110,97,105,6,0,0,0,-24,3,0,0,10,0,0,0,-79,1,0,  0]"
434,"[-72,-4,1,0,76,65,-68,-20,77,116,46,83,105,110,97,105,6,0,0,0,-24,3,0,0,10,0,0,0,-78,1,0,  0]"
435,"[-28,-3,1,0,76,65,-68,-20,77,116,46,83,105,110,97,105,6,0,0,0,-24,3,0,0,10,0,0,0,-77,1,0,  0]"
436,"[16,-1,1,0,76,65,-68,-20,77,116,46,83,105,110,97,105,6,0,0,0,-24,3,0,0,10,0,0,0,-76,1,0,  0]"
437,"[60,0,2,0,76,65,-68,-20,77,116,46,83,105,110,97,105,6,0,0,0,-24,3,0,0,10,0,0,0,-75,1,0,  0]"
438,"[104,1,2,0,76,65,-68,-20,77,116,46,83,105,110,97,105,6,0,0,0,-24,3,0,0,10,0,0,0,-74,1,0,  0]"
439,"[-108,2,2,0,76,65,-68,-20,77,116,46,83,105,110,97,105,6,0,0,0,-24,3,0,0,10,0,0,0,-73,1,0,  0]"
440,"[-64,3,2,0,76,65,-68,-20,77,116,46,83,105,110,97,105,6,0,0,0,-24,3,0,0,10,0,0,0,-72,1,0,  0]"
441,"[-20,4,2,0,76,65,-68,-20,77,116,46,83,105,110,97,105,6,0,0,0,-24,3,0,0,10,0,0,0,-71,1,0,  0]"
442,"[24,6,2,0,76,65,-68,-20,77,116,46,83,105,110,97,105,6,0,0,0,-24,3,0,0,10,0,0,0,-70,1,0,  0]"
443,"[68,7,2,0,76,65,-68,-20,77,116,46,83,105,110,97,105,6,0,0,0,-24,3,0,0,10,0,0,0,-69,1,0,  0]"
444,"[112,8,2,0,76,65,-68,-20,77,116,46,83,105,110,97,105,6,0,0,0,-24,3,0,0,10,0,0,0,-68,1,0,  0]"
445,"[-100,9,2,0,76,65,-68,-20,77,116,46,83,105,110,97,105,6,0,0,0,-24,3,0,0,10,0,0,0,-67,1,0,  0]"
446,"[-56,10,2,0,76,65,-68,-20,77,116,46,83,105,110,97,105,6,0,0,0,-24,3,0,0,10,0,0,0,-66,1,0,  0]"
447,"[-12,11,2,0,76,65,-68,-20,77,116,46,83,105,110,97,105,6,0,0,0,-24,3,0,0,10,0,0,0,-65,1,0,  0]"
448,"[32,13,2,0,76,65,-68,-20,77,116,46,83,105,110,97,105,6,0,0,0,-24,3,0,0,10,0,0,0,-64,1,0,  0]"
449,"[76,14,2,0,76,65,-68,-20,77,116,46,83,105,110,97,105,6,0,0,0,-24,3,0,0,10,0,0,0,-63,1,0,  0]"
450,"[120,15,2,0,76,65,-68,-20,77,116,46,83,105,110,97,105,6,0,0,0,-24,3,0,0,10,0,0,0,-62,1,0,  0]"
451,"[-92,16,2,0,76,65,-68,-20,77,116,46,83,105,110,97,105,6,0,0,0,-24,3,0,0,10,0,0,0,-61,1,0,  0]"
452,"[-48,17,2,0,76,65,-68,-20,77,116,46,83,105,110,97,105,6,0,0,0,-24,3,0,0,10,0,0,0,-60,1,0,  0]"
453,"[-4,18,2,0,76,65,-68,-20,77,116,46,83,105,110,97,105,6,0,0,0,-24,3,0,0,10,0,0,0,-59,1,0,  0]"
454,"[40,20,2,0,76,65,-68,-20,77,116,46,83,105,110,97,105,6,0,0,0,-24,3,0,0,10,0,0,0,-58,1,0,  0]"
455,"[84,21,2,0,76,65,-68,-20,77,116,46,83,105,110,97,105,6,0,0,0,-24,3,0,0,10,0,0,0,-57,1,0,  0]"
456,"[-128,22,2,0,76,65,-68,-20,77,116,46,83,105,110,97,105,6,0,0,0,-24,3,0,0,10,0,0,0,-56,1,0,  0]"
457,"[-84,23,2,0,76,65,-68,-20,77,116,46,83,105,110,97,105,6,0,0,0,-24,3,0,0,10,0,0,0,-55,1,0,  0]"
458,"[-40,24,2,0,76,65,-68,-20,77,116,46,83,105,110,97,105,6,0,0,0,-24,3,0,0,10,0,0,0,-54,1,0,  0]"
459,"[4,26,2,0,76,65,-68,-20,77,116,46,83,105,110,97,105,6,0,0,0,-24,3,0,0,10,0,0,0,-53,1,0,  0]"
460,"[48,27,2,0,76,65,-68,-20,77,116,46,83,105,110,97,105,6,0,0,0,-24,3,0,0,10,0,0,0,-52,1,0,  0]"
461,"[92,28,2,0,76,65,-68,-20,77,116,46,83,105,110,97,105,6,0,0,0,-24,3,0,0,10,0,0,0,-51,1,0,  0]"
462,"[-120,29,2,0,76,65,-68,-20,77,116,46,83,105,110,97,105,6,0,0,0,-24,3,0,0,10,0,0,0,-50,1,0,  0]"
463,"[-76,30,2,0,76,65,-68,-20,77,116,46,83,105,110,97,105,6,0,0,0,-24,3,0,0,10,0,0,0,-49,1,0,  0]"
464,"[-32,31,2,0,76,65,-68,-20,77,116,46,83,105,110,97,105,6,0,0,0,-24,3,0,0,10,0,0,0,-48,1,0,  0]"
465,"[12,33,2,0,76,65,-68,-20,77,116,46,83,105,110,97,105,6,0,0,0,-24,3,0,0,10,0,0,0,-47,1,0,  0]"
466,"[56,34,2,0,76,65,-68,-20,77,116,46,83,105,110,97,105,6,0,0,0,-24,3,0,0,10,0,0,0,-46,1,0,  0]"
467,"[100,35,2,0,76,65,-68,-20,77,116,46,83,105,110,97,105,6,0,0,0,-24,3,0,0,10,0,0,0,-45,1,0,  0]"
468,"[-112,36,2,0,76,65,-68,-20,77,116,46,83,105,110,97,105,6,0,0,0,-24,3,0,0,10,0,0,0,-44,1,0,  0]"
469,"[-68,37,2,0,76,65,-68,-20,77,116,46,83,105,110,97,105,6,0,0,0,-24,3,0,0,10,0,0,0,-43,1,0,  0]"
470,"[-24,38,2,0,76,65,-68,-20,77,116,46,83,105,110,97,105,6,0,0,0,-24,3,0,0,10,0,0,0,-42,1,0,  0]"
471,"[20,40,2,0,76,65,-68,-20,77,116,46,83,105,110,97,105,6,0,0,0,-24,3,0,0,10,0,0,0,-41,1,0,  0]"
472,"[64,41,2,0,76,65,-68,-20,77,116,46,83,105,110,97,105,6,0,0,0,-24,3,0,0,10,0,0,0,-40,1,0,  0]"
473,"[108,42,2,0,76,65,-68,-20,77,116,46,83,105,110,97,105,6,0,0,0,-24,3,0,0,10,0,0,0,-39,1,0,  0]"
474,"[-104,43,2,0,76,65,-68,-20,77,116,46,83,105,110,97,105,6,0,0,0,-24,3,0,0,10,0,0,0,-38,1,0,  0]"
475,"[-60,44,2,0,76,65,-68,-20,77,116,46,83,105,110,97,105,6,0,0,0,-24,3,0,0,10,0,0,0,-37,1,0,  0]"
476,"[-16,45,2,0,76,65,-68,-20,77,116,46,83,105,110,97,105,6,0,0,0,-24,3,0,0,10,0,0,0,-36,1,0,  0]"
477,"[28,47,2,0,76,65,-68,-20,77,116,46,83,105,110,97,105,6,0,0,0,-24,3,0,0,10,0,0,0,-35,1,0,  0]"
478,"[72,48,2,0,76,65,-68,-20,77,116,46,83,105,110,97,105,6,0,0,0,-24,3,0,0,10,0,0,0,-34,1,0,  0]"
479,"[116,49,2,0,76,65,-68,-20,77,116,46,83,105,110,97,105,6,0,0,0,-24,3,0,0,10,0,0,0,-33,1,0,  0]"
480,"[-96,50,2,0,76,65,-68,-20,77,116,46,83,105,110,97,105,6,0,0,0,-24,3,0,0,10,0,0,0,-32,1,0,  0]"
481,"[-52,51,2,0,76,65,-68,-20,77,116,46,83,105,110,97,105,6,0,0,0,-24,3,0,0,10,0,0,0,-31,1,0,  0]"
482,"[-8,52,2,0,76,65,-68,-20,77,116,46,83,105,110,97,105,6,0,0,0,-24,3,0,0,10,0,0,0,-30,1,0,  0]"
483,"[36,54,2,0,76,65,-68,-20,77,116,46,83,105,110,97,105,6,0,0,0,-24,3,0,0,10,0,0,0,-29,1,0,  0]"
484,"[80,55,2,0,76,65,-68,-20,77,116,46,83,105,110,97,105,6,0,0,0,-24,3,0,0,10,0,0,0,-28,1,0,  0]"
485,"[124,56,2,0,76,65,-68,-20,77,116,46,83,105,110,97,105,6,0,0,0,-24,3,0,0,10,0,0,0,-27,1,0,  0]"
486,"[-88,57,2,0,76,65,-68,-20,77,116,46,83,105,110,97,105,6,0,0,0,-24,3,0,0,10,0,0,0,-26,1,0,  0]"
487,"[-44,58,2,0,76,65,-68,-20,77,116,46,83,105,110,97,105,6,0,0,0,-24,3,0,0,10,0,0,0,-25,1,0,  0]"
488,"[0,60,2,0,76,65,-68,-20,77,116,46,83,105,110,97,105,6,0,0,0,-24,3,0,0,10,0,0,0,-24,1,0,  0]"
489,"[44,61,2,0,76,65,-68,-20,77,116,46,83,105,110,97,105,6,0,0,0,-24,3,0,0,10,0,0,0,-23,1,0,  0]"
490,"[88,62,2,0,76,65,-68,-20,77,116,46,83,105,110,97,105,6,0,0,0,-24,3,0,0,10,0,0,0,-22,1,0,  0]"
491,"[-124,63,2,0,76,65,-68,-20,77,116,46,83,105,110,97,105,6,0,0,0,-24,3,0,0,10,0,0,0,-21,1,0,  0]"
492,"[-80,64,2,0,76,65,-68,-20,77,116,46,83,105,110,97,105,6,0,0,0,-24,3,0,0,10,0,0,0,-20,1,0,  0]"
493,"[-36,65,2,0,76,65,-68,-20,77,116,46,83,105,110,97,105,6,0,0,0,-24,3,0,0,10,0,0,0,-19,1,0,  0]"
494,"[8,67,2,0,76,65,-68,-20,77,116,46,83,105,110,97,105,6,0,0,0,-24,3,0,0,10,0,0,0,-18,1,0,  0]"
495,"[52,68,2,0,76,65,-68,-20,77,116,46,83,105,110,97,105,6,0,0,0,-24,3,0,0,10,0,0,0,-17,1,0,  0]"
496,"[96,69,2,0,76,65,-68,-20,77,116,46,83,105,110,97,105,6,0,0,0,-24,3,0,0,10,0,0,0,-16,1,0,  0]"
497,"[-116,70,2,0,76,65,-68,-20,77,116,46,83,105,110,97,105,6,0,0,0,-24,3,0,0,10,0,0,0,-15,1,0,  0]"
498,"[-72,71,2,0,76,65,-68,-20,77,116,46,83,105,110,97,105,6,0,0,0,-24,3,0,0,10,0,0,0,-14,1,0,  0]"
499,"[-28,72,2,0,76,65,-68,-20,77,116,46,83,105,110,97,105,6,0,0,0,-24,3,0,0,10,0,0,0,-13,1,0,  0]"
500,"[16,74,2,0,76,65,-68,-20,77,116,46,83,105,110,97,105,6,0,0,0,-24,3,0,0,10,0,0,0,-12,1,0,  0]"
501,"[60,75,2,0,76,65,-68,-20,77,116,46,83,105,110,97,105,6,0,0,0,-24,3,0,0,10,0,0,0,-11,1,0,  0]"
502,"[104,76,2,0,76,65,-68,-20,77,116,46,83,105,110,97,105,6,0,0,0,-24,3,0,0,10,0,0,0,-10,1,0,  0]"
503,"[-108,77,2,0,76,65,-68,-20,77,116,46,83,105,110,97,105,6,0,0,0,-24,3,0,0,10,0,0,0,-9,1,0,  0]"
504,"[-64,78,2,0,76,65,-68,-20,77,116,46,83,105,110,97,105,6,0,0,0,-24,3,0,0,10,0,0,0,-8,1,0,  0]"
505,"[-20,79,2,0,76,65,-68,-20,77,116,46,83,105,110,97,105,6,0,0,0,-24,3,0,0,10,0,0,0,-7,1,0,  0]"
506,"[24,81,2,0,76,65,-68,-20,77,116,46,83,105,110,97,105,6,0,0,0,-24,3,0,0,10,0,0,0,-6,1,0,  0]"
507,"[68,82,2,0,76,65,-68,-20,77,116,46,83,105,110,97,105,6,0,0,0,-24,3,0,0,10,0,0,0,-5,1,0,  0]"
508,"[112,83,2,0,76,65,-68,-20,77,116,46,83,105,110,97,105,6,0,0,0,-24,3,0,0,10,0,0,0,-4,1,0,  0]"
509,"[-100,84,2,0,76,65,-68,-20,77,116,46,83,105,110,97,105,6,0,0,0,-24,3,0,0,10,0,0,0,-3,1,0,  0]"
510,"[-56,85,2,0,76,65,-68,-20,77,116,46,83,105,110,97,105,6,0,0,0,-24,3,0,0,10,0,0,0,-2,1,0,  0]"
511,"[-12,86,2,0,76,65,-68,-20,77,116,46,83,105,110,97,105,6,0,0,0,-24,3,0,0,10,0,0,0,-1,1,0,  0]"
512,"[32,88,2,0,76,65,-68,-20,77,116,46,83,105,110,97,105,6,0,0,0,-24,3,0,0,10,0,0,0,0,2,0,  0]"
513,"[76,89,2,0,76,65,-68,-20,77,116,46,83,105,110,97,105,6,0,0,0,-24,3,0,0,10,0,0,0,1,2,0,  0]"
514,"[120,90,2,0,76,65,-68,-20,77,116,46,83,105,110,97,105,6,0,0,0,-24,3,0,0,10,0,0,0,2,2,0,  0]"
515,"[-92,91,2,0,76,65,-68,-20,77,116,46,83,105,110,97,105,6,0,0,0,-24,3,0,0,10,0,0,0,3,2,0,  0]"
516,"[-48,92,2,0,76,65,-68,-20,77,116,46,83,105,110,97,105,6,0,0,0,-24,3,0,0,10,0,0,0,4,2,0,  0]"
517,"[-4,93,2,0,76,65,-68,-20,77,116,46,83,105,110,97,105,6,0,0,0,-24,3,0,0,10,0,0,0,5,2,0,  0]"
518,"[40,95,2,0,76,65,-68,-20,77,116,46,83,105,110,97,105,6,0,0,0,-24,3,0,0,10,0,0,0,6,2,0,  0]"
519,"[84,96,2,0,76,65,-68,-20,77,116,46,83,105,110,97,105,6,0,0,0,-24,3,0,0,10,0,0,0,7,2,0,  0]"
520,"[-128,97,2,0,76,65,-68,-20,77,116,46,83,105,110,97,105,6,0,0,0,-24,3,0,0,10,0,0,0,8,2,0,  0]"
521,"[-84,98,2,0,76,65,-68,-20,77,116,46,83,105,110,97,105,6,0,0,0,-24,3,0,0,10,0,0,0,9,2,0,  0]"
522,"[-40,99,2,0,76,65,-68,-20,77,116,46,83,105,110,97,105,6,0,0,0,-24,3,0,0,10,0,0,0,10,2,0,  0]"
523,"[4,101,2,0,76,65,-68,-20,77,116,46,83,105,110,97,105,6,0,0,0,-24,3,0,0,10,0,0,0,11,2,0,  0]"
524,"[48,102,2,0,76,65,-68,-20,77,116,46,83,105,110,97,105,6,0,0,0,-24,3,0,0,10,0,0,0,12,2,0,  0]"
525,"[92,103,2,0,76,65,-68,-20,77,116,46,83,105,110,97,105,6,0,0,0,-24,3,0,0,10,0,0,0,13,2,0,  0]"
526,"[-120,104,2,0,76,65,-68,-20,77,116,46,83,105,110,97,105,6,0,0,0,-24,3,0,0,10,0,0,0,14,2,0,  0]"
527,"[-76,105,2,0,76,65,-68,-20,77,116,46,83,105,110,97,105,6,0,0,0,-24,3,0,0,10,0,0,0,15,2,0,  0]"
528,"[-32,106,2,0,76,65,-68,-20,77,116,46,83,105,110,97,105,6,0,0,0,-24,3,0,0,10,0,0,0,16,2,0,  0]"
529,"[12,108,2,0,76,65,-68,-20,77,116,46,83,105,110,97,105,6,0,0,0,-24,3,0,0,10,0,0,0,17,2,0,  0]"
530,"[56,109,2,0,76,65,-68,-20,77,116,46,83,105,110,97,105,6,0,0,0,-24,3,0,0,10,0,0,0,18,2,0,  0]"
531,"[100,110,2,0,76,65,-68,-20,77,116,46,83,105,110,97,105,6,0,0,0,-24,3,0,0,10,0,0,0,19,2,0,  0]"
532,"[-112,111,2,0,76,65,-68,-20,77,116,46,83,105,110,97,105,6,0,0,0,-24,3,0,0,10,0,0,0,20,2,0,  0]"
533,"[-68,112,2,0,76,65,-68,-20,77,116,46,83,105,110,97,105,6,0,0,0,-24,3,0,0,10,0,0,0,21,2,0,  0]"
534,"[-24,113,2,0,76,65,-68,-20,77,116,46,83,105,110,97,105,6,0,0,0,-24,3,0,0,10,0,0,0,22,2,0,  0]"
535,"[20,115,2,0,76,65,-68,-20,77,116,46,83,105,110,97,105,6,0,0,0,-24,3,0,0,10,0,0,0,23,2,0,  0]"
536,"[64,116,2,0,76,65,-68,-20,77,116,46,83,105,110,97,105,6,0,0,0,-24,3,0,0,10,0,0,0,24,2,0,  0]"
537,"[108,117,2,0,76,65,-68,-20,77,116,46,83,105,110,97,105,6,0,0,0,-24,3,0,0,10,0,0,0,25,2,0,  0]"
538,"[-104,118,2,0,76,65,-68,-20,77,116,46,83,105,110,97,105,6,0,0,0,-24,3,0,0,10,0,0,0,26,2,0,  0]"
539,"[-60,119,2,0,76,65,-68,-20,77,116,46,83,105,110,97,105,6,0,0,0,-24,3,0,0,10,0,0,0,27,2,0,  0]"
540,"[-16,120,2,0,76,65,-68,-20,77,116,46,83,105,110,97,105,6,0,0,0,-24,3,0,0,10,0,0,0,28,2,0,  0]"
541,"[28,122,2,0,76,65,-68,-20,77,116,46,83,105,110,97,105,6,0,0,0,-24,3,0,0,10,0,0,0,29,2,0,  0]"
542,"[72,123,2,0,76,65,-68,-20,77,116,46,83,105,110,97,105,6,0,0,0,-24,3,0,0,10,0,0,0,30,2,0,  0]"
543,"[116,124,2,0,76,65,-68,-20,77,116,46,83,105,110,97,105,6,0,0,0,-24,3,0,0,10,0,0,0,31,2,0,  0]"
544,"[-96,125,2,0,76,65,-68,-20,77,116,46,83,105,110,97,105,6,0,0,0,-24,3,0,0,10,0,0,0,32,2,0,  0]"
545,"[-52,126,2,0,76,65,-68,-20,77,116,46,83,105,110,97,105,6,0,0,0,-24,3,0,0,10,0,0,0,33,2,0,  0]"
546,"[-8,127,2,0,76,65,-68,-20,77,116,46,83,105,110,97,105,6,0,0,0,-24,3,0,0,10,0,0,0,34,2,0,  0]"
547,"[36,-127,2,0,76,65,-68,-20,77,116,46,83,105,110,97,105,6,0,0,0,-24,3,0,0,10,0,0,0,35,2,0,  0]"
548,"[80,-126,2,0,76,65,-68,-20,77,116,46,83,105,110,97,105,6,0,0,0,-24,3,0,0,10,0,0,0,36,2,0,  0]"
549,"[124,-125,2,0,76,65,-68,-20,77,116,46,83,105,110,97,105,6,0,0,0,-24,3,0,0,10,0,0,0,37,2,0,  0]"
550,"[-88,-124,2,0,76,65,-68,-20,77,116,46,83,105,110,97,105,6,0,0,0,-24,3,0,0,10,0,0,0,38,2,0,  0]"
551,"[-44,-123,2,0,76,65,-68,-20,77,116,46,83,105,110,97,105,6,0,0,0,-24,3,0,0,10,0,0,0,39,2,0,  0]"
552,"[0,-121,2,0,76,65,-68,-20,77,116,46,83,105,110,97,105,6,0,0,0,-24,3,0,0,10,0,0,0,40,2,0,  0]"
553,"[44,-120,2,0,76,65,-68,-20,77,116,46,83,105,110,97,105,6,0,0,0,-24,3,0,0,10,0,0,0,41,2,0,  0]"
554,"[88,-119,2,0,76,65,-68,-20,77,116,46,83,105,110,97,105,6,0,0,0,-24,3,0,0,10,0,0,0,42,2,0,  0]"
555,"[-124,-118,2,0,76,65,-68,-20,77,116,46,83,105,110,97,105,6,0,0,0,-24,3,0,0,10,0,0,0,43,2,0,  0]"
556,"[-80,-117,2,0,76,65,-68,-20,77,116,46,83,105,110,97,105,6,0,0,0,-24,3,0,0,10,0,0,0,44,2,0,  0]"
557,"[-36,-116,2,0,76,65,-68,-20,77,116,46,83,105,110,97,105,6,0,0,0,-24,3,0,0,10,0,0,0,45,2,0,  0]"
558,"[8,-114,2,0,76,65,-68,-20,77,116,46,83,105,110,97,105,6,0,0,0,-24,3,0,0,10,0,0,0,46,2,0,  0]"
559,"[52,-113,2,0,76,65,-68,-20,77,116,46,83,105,110,97,105,6,0,0,0,-24,3,0,0,10,0,0,0,47,2,0,  0]"
560,"[96,-112,2,0,76,65,-68,-20,77,116,46,83,105,110,97,105,6,0,0,0,-24,3,0,0,10,0,0,0,48,2,0,  0]"
561,"[-116,-111,2,0,76,65,-68,-20,77,116,46,83,105,110,97,105,6,0,0,0,-24,3,0,0,10,0,0,0,49,2,0,  0]"
562,"[-72,-110,2,0,76,65,-68,-20,77,116,46,83,105,110,97,105,6,0,0,0,-24,3,0,0,10,0,0,0,50,2,0,  0]"
563,"[-28,-109,2,0,76,65,-68,-20,77,116,46,83,105,110,97,105,6,0,0,0,-24,3,0,0,10,0,0,0,51,2,0,  0]"
564,"[16,-107,2,0,76,65,-68,-20,77,116,46,83,105,110,97,105,6,0,0,0,-24,3,0,0,10,0,0,0,52,2,0,  0]"
565,"[60,-106,2,0,76,65,-68,-20,77,116,46,83,105,110,97,105,6,0,0,0,-24,3,0,0,10,0,0,0,53,2,0,  0]"
566,"[104,-105,2,0,76,65,-68,-20,77,116,46,83,105,110,97,105,6,0,0,0,-24,3,0,0,10,0,0,0,54,2,0,  0]"
567,"[-108,-104,2,0,76,65,-68,-20,77,116,46,83,105,110,97,105,6,0,0,0,-24,3,0,0,10,0,0,0,55,2,0,  0]"
568,"[-64,-103,2,0,76,65,-68,-20,77,116,46,83,105,110,97,105,6,0,0,0,-24,3,0,0,10,0,0,0,56,2,0,  0]"
569,"[-20,-102,2,0,76,65,-68,-20,77,116,46,83,105,110,97,105,6,0,0,0,-24,3,0,0,10,0,0,0,57,2,0,  0]"
570,"[24,-100,2,0,76,65,-68,-20,77,116,46,83,105,110,97,105,6,0,0,0,-24,3,0,0,10,0,0,0,58,2,0,  0]"
571,"[68,-99,2,0,76,65,-68,-20,77,116,46,83,105,110,97,105,6,0,0,0,-24,3,0,0,10,0,0,0,59,2,0,  0]"
572,"[112,-98,2,0,76,65,-68,-20,77,116,46,83,105,110,97,105,6,0,0,0,-24,3,0,0,10,0,0,0,60,2,0,  0]"
573,"[-100,-97,2,0,76,65,-68,-20,77,116,46,83,105,110,97,105,6,0,0,0,-24,3,0,0,10,0,0,0,61,2,0,  0]"
574,"[-56,-96,2,0,76,65,-68,-20,77,116,46,83,105,110,97,105,6,0,0,0,-24,3,0,0,10,0,0,0,62,2,0,  0]"
575,"[-12,-95,2,0,76,65,-68,-20,77,116,46,83,105,110,97,105,6,0,0,0,-24,3,0,0,10,0,0,0,63,2,0,  0]"
576,"[32,-93,2,0,76,65,-68,-20,77,116,46,83,105,110,97,105,6,0,0,0,-24,3,0,0,10,0,0,0,64,2,0,  0]"
577,"[76,-92,2,0,76,65,-68,-20,77,116,46,83,105,110,97,105,6,0,0,0,-24,3,0,0,10,0,0,0,65,2,0,  0]"
578,"[120,-91,2,0,76,65,-68,-20,77,116,46,83,105,110,97,105,6,0,0,0,-24,3,0,0,10,0,0,0,66,2,0,  0]"
579,"[-92,-90,2,0,76,65,-68,-20,77,116,46,83,105,110,97,105,6,0,0,0,-24,3,0,0,10,0,0,0,67,2,0,  0]"
580,"[-48,-89,2,0,76,65,-68,-20,77,116,46,83,105,110,97,105,6,0,0,0,-24,3,0,0,10,0,0,0,68,2,0,  0]"
581,"[-4,-88,2,0,76,65,-68,-20,77,116,46,83,105,110,97,105,6,0,0,0,-24,3,0,0,10,0,0,0,69,2,0,  0]"
582,"[40,-86,2,0,76,65,-68,-20,77,116,46,83,105,110,97,105,6,0,0,0,-24,3,0,0,10,0,0,0,70,2,0,  0]"
583,"[84,-85,2,0,76,65,-68,-20,77,116,46,83,105,110,97,105,6,0,0,0,-24,3,0,0,10,0,0,0,71,2,0,  0]"
584,"[-128,-84,2,0,76,65,-68,-20,77,116,46,83,105,110,97,105,6,0,0,0,-24,3,0,0,10,0,0,0,72,2,0,  0]"
585,"[-84,-83,2,0,76,65,-68,-20,77,116,46,83,105,110,97,105,6,0,0,0,-24,3,0,0,10,0,0,0,73,2,0,  0]"
586,"[-40,-82,2,0,76,65,-68,-20,77,116,46,83,105,110,97,105,6,0,0,0,-24,3,0,0,10,0,0,0,74,2,0,  0]"
587,"[4,-80,2,0,76,65,-68,-20,77,116,46,83,105,110,97,105,6,0,0,0,-24,3,0,0,10,0,0,0,75,2,0,  0]"
588,"[48,-79,2,0,76,65,-68,-20,77,116,46,83,105,110,97,105,6,0,0,0,-24,3,0,0,10,0,0,0,76,2,0,  0]"
589,"[92,-78,2,0,76,65,-68,-20,77,116,46,83,105,110,97,105,6,0,0,0,-24,3,0,0,10,0,0,0,77,2,0,  0]"
590,"[-120,-77,2,0,76,65,-68,-20,77,116,46,83,105,110,97,105,6,0,0,0,-24,3,0,0,10,0,0,0,78,2,0,  0]"
591,"[-76,-76,2,0,76,65,-68,-20,77,116,46,83,105,110,97,105,6,0,0,0,-24,3,0,0,10,0,0,0,79,2,0,  0]"
592,"[-32,-75,2,0,76,65,-68,-20,77,116,46,83,105,110,97,105,6,0,0,0,-24,3,0,0,10,0,0,0,80,2,0,  0]"
593,"[12,-73,2,0,76,65,-68,-20,77,116,46,83,105,110,97,105,6,0,0,0,-24,3,0,0,10,0,0,0,81,2,0,  0]"
594,"[56,-72,2,0,76,65,-68,-20,77,116,46,83,105,110,97,105,6,0,0,0,-24,3,0,0,10,0,0,0,82,2,0,  0]"
595,"[100,-71,2,0,76,65,-68,-20,77,116,46,83,105,110,97,105,6,0,0,0,-24,3,0,0,10,0,0,0,83,2,0,  0]"
596,"[-112,-70,2,0,76,65,-68,-20,77,116,46,83,105,110,97,105,6,0,0,0,-24,3,0,0,10,0,0,0,84,2,0,  0]"
597,"[-68,-69,2,0,76,65,-68,-20,77,116,46,83,105,110,97,105,6,0,0,0,-24,3,0,0,10,0,0,0,85,2,0,  0]"
598,"[-24,-68,2,0,76,65,-68,-20,77,116,46,83,105,110,97,105,6,0,0,0,-24,3,0,0,10,0,0,0,86,2,0,  0]"
599,"[20,-66,2,0,76,65,-68,-20,77,116,46,83,105,110,97,105,6,0,0,0,-24,3,0,0,10,0,0,0,87,2,0,  0]"
600,"[64,-65,2,0,76,65,-68,-20,77,116,46,83,105,110,97,105,6,0,0,0,-24,3,0,0,10,0,0,0,88,2,0,  0]"
601,"[108,-64,2,0,76,65,-68,-20,77,116,46,83,105,110,97,105,6,0,0,0,-24,3,0,0,10,0,0,0,89,2,0,  0]"
602,"[-104,-63,2,0,76,65,-68,-20,77,116,46,83,105,110,97,105,6,0,0,0,-24,3,0,0,10,0,0,0,90,2,0,  0]"
603,"[-60,-62,2,0,76,65,-68,-20,77,116,46,83,105,110,97,105,6,0,0,0,-24,3,0,0,10,0,0,0,91,2,0,  0]"
604,"[-16,-61,2,0,76,65,-68,-20,77,116,46,83,105,110,97,105,6,0,0,0,-24,3,0,0,10,0,0,0,92,2,0,  0]"
605,"[28,-59,2,0,76,65,-68,-20,77,116,46,83,105,110,97,105,6,0,0,0,-24,3,0,0,10,0,0,0,93,2,0,  0]"
606,"[72,-58,2,0,76,65,-68,-20,77,116,46,83,105,110,97,105,6,0,0,0,-24,3,0,0,10,0,0,0,94,2,0,  0]"
607,"[116,-57,2,0,76,65,-68,-20,77,116,46,83,105,110,97,105,6,0,0,0,-24,3,0,0,10,0,0,0,95,2,0,  0]"
608,"[-96,-56,2,0,76,65,-68,-20,77,116,46,83,105,110,97,105,6,0,0,0,-24,3,0,0,10,0,0,0,96,2,0,  0]"
609,"[-52,-55,2,0,76,65,-68,-20,77,116,46,83,105,110,97,105,6,0,0,0,-24,3,0,0,10,0,0,0,97,2,0,  0]"
610,"[-8,-54,2,0,76,65,-68,-20,77,116,46,83,105,110,97,105,6,0,0,0,-24,3,0,0,10,0,0,0,98,2,0,  0]"
611,"[36,-52,2,0,76,65,-68,-20,77,116,46,83,105,110,97,105,6,0,0,0,-24,3,0,0,10,0,0,0,99,2,0,  0]"
612,"[80,-51,2,0,76,65,-68,-20,77,116,46,83,105,110,97,105,6,0,0,0,-24,3,0,0,10,0,0,0,100,2,0,  0]"
613,"[124,-50,2,0,76,65,-68,-20,77,116,46,83,105,110,97,105,6,0,0,0,-24,3,0,0,10,0,0,0,101,2,0,  0]"
614,"[-88,-49,2,0,76,65,-68,-20,77,116,46,83,105,110,97,105,6,0,0,0,-24,3,0,0,10,0,0,0,102,2,0,  0]"
615,"[-44,-48,2,0,76,65,-68,-20,77,116,46,83,105,110,97,105,6,0,0,0,-24,3,0,0,10,0,0,0,103,2,0,  0]"
616,"[0,-46,2,0,76,65,-68,-20,77,116,46,83,105,110,97,105,6,0,0,0,-24,3,0,0,10,0,0,0,104,2,0,  0]"
617,"[44,-45,2,0,76,65,-68,-20,77,116,46,83,105,110,97,105,6,0,0,0,-24,3,0,0,10,0,0,0,105,2,0,  0]"
618,"[88,-44,2,0,76,65,-68,-20,77,116,46,83,105,110,97,105,6,0,0,0,-24,3,0,0,10,0,0,0,106,2,0,  0]"
619,"[-124,-43,2,0,76,65,-68,-20,77,116,46,83,105,110,97,105,6,0,0,0,-24,3,0,0,10,0,0,0,107,2,0,  0]"
620,"[-80,-42,2,0,76,65,-68,-20,77,116,46,83,105,110,97,105,6,0,0,0,-24,3,0,0,10,0,0,0,108,2,0,  0]"
621,"[-36,-41,2,0,76,65,-68,-20,77,116,46,83,105,110,97,105,6,0,0,0,-24,3,0,0,10,0,0,0,109,2,0,  0]"
622,"[8,-39,2,0,76,65,-68,-20,77,116,46,83,105,110,97,105,6,0,0,0,-24,3,0,0,10,0,0,0,110,2,0,  0]"
623,"[52,-38,2,0,76,65,-68,-20,77,116,46,83,105,110,97,105,6,0,0,0,-24,3,0,0,10,0,0,0,111,2,0,  0]"
624,"[96,-37,2,0,76,65,-68,-20,77,116,46,83,105,110,97,105,6,0,0,0,-24,3,0,0,10,0,0,0,112,2,0,  0]"
625,"[-116,-36,2,0,76,65,-68,-20,77,116,46,83,105,110,97,105,6,0,0,0,-24,3,0,0,10,0,0,0,113,2,0,  0]"
626,"[-72,-35,2,0,76,65,-68,-20,77,116,46,83,105,110,97,105,6,0,0,0,-24,3,0,0,10,0,0,0,114,2,0,  0]"
627,"[-28,-34,2,0,76,65,-68,-20,77,116,46,83,105,110,97,105,6,0,0,0,-24,3,0,0,10,0,0,0,115,2,0,  0]"
628,"[16,-32,2,0,76,65,-68,-20,77,116,46,83,105,110,97,105,6,0,0,0,-24,3,0,0,10,0,0,0,116,2,0,  0]"
629,"[60,-31,2,0,76,65,-68,-20,77,116,46,83,105,110,97,105,6,0,0,0,-24,3,0,0,10,0,0,0,117,2,0,  0]"
630,"[104,-30,2,0,76,65,-68,-20,77,116,46,83,105,110,97,105,6,0,0,0,-24,3,0,0,10,0,0,0,118,2,0,  0]"
631,"[-108,-29,2,0,76,65,-68,-20,77,116,46,83,105,110,97,105,6,0,0,0,-24,3,0,0,10,0,0,0,119,2,0,  0]"
632,"[-64,-28,2,0,76,65,-68,-20,77,116,46,83,105,110,97,105,6,0,0,0,-24,3,0,0,10,0,0,0,120,2,0,  0]"
633,"[-20,-27,2,0,76,65,-68,-20,77,116,46,83,105,110,97,105,6,0,0,0,-24,3,0,0,10,0,0,0,121,2,0,  0]"
634,"[24,-25,2,0,76,65,-68,-20,77,116,46,83,105,110,97,105,6,0,0,0,-24,3,0,0,10,0,0,0,122,2,0,  0]"
635,"[68,-24,2,0,76,65,-68,-20,77,116,46,83,105,110,97,105,6,0,0,0,-24,3,0,0,10,0,0,0,123,2,0,  0]"
636,"[112,-23,2,0,76,65,-68,-20,77,116,46,83,105,110,97,105,6,0,0,0,-24,3,0,0,10,0,0,0,124,2,0,  0]"
637,"[-100,-22,2,0,76,65,-68,-20,77,116,46,83,105,110,97,105,6,0,0,0,-24,3,0,0,10,0,0,0,125,2,0,  0]"
638,"[-56,-21,2,0,76,65,-68,-20,77,116,46,83,105,110,97,105,6,0,0,0,-24,3,0,0,10,0,0,0,126,2,0,  0]"
639,"[-12,-20,2,0,76,65,-68,-20,77,116,46,83,105,110,97,105,6,0,0,0,-24,3,0,0,10,0,0,0,127,2,0,  0]"
640,"[32,-18,2,0,76,65,-68,-20,77,116,46,83,105,110,97,105,6,0,0,0,-24,3,0,0,10,0,0,0,-128,2,0,  0]"
641,"[76,-17,2,0,76,65,-68,-20,77,116,46,83,105,110,97,105,6,0,0,0,-24,3,0,0,10,0,0,0,-127,2,0,  0]"
642,"[120,-16,2,0,76,65,-68,-20,77,116,46,83,105,110,97,105,6,0,0,0,-24,3,0,0,10,0,0,0,-126,2,0,  0]"
643,"[-92,-15,2,0,76,65,-68,-20,77,116,46,83,105,110,97,105,6,0,0,0,-24,3,0,0,10,0,0,0,-125,2,0,  0]"
644,"[-48,-14,2,0,76,65,-68,-20,77,116,46,83,105,110,97,105,6,0,0,0,-24,3,0,0,10,0,0,0,-124,2,0,  0]"
645,"[-4,-13,2,0,76,65,-68,-20,77,116,46,83,105,110,97,105,6,0,0,0,-24,3,0,0,10,0,0,0,-123,2,0,  0]"
646,"[40,-11,2,0,76,65,-68,-20,77,116,46,83,105,110,97,105,6,0,0,0,-24,3,0,0,10,0,0,0,-122,2,0,  0]"
647,"[84,-10,2,0,76,65,-68,-20,77,116,46,83,105,110,97,105,6,0,0,0,-24,3,0,0,10,0,0,0,-121,2,0,  0]"
648,"[-128,-9,2,0,76,65,-68,-20,77,116,46,83,105,110,97,105,6,0,0,0,-24,3,0,0,10,0,0,0,-120,2,0,  0]"
649,"[-84,-8,2,0,76,65,-68,-20,77,116,46,83,105,110,97,105,6,0,0,0,-24,3,0,0,10,0,0,0,-119,2,0,  0]"
650,"[-40,-7,2,0,76,65,-68,-20,77,116,46,83,105,110,97,105,6,0,0,0,-24,3,0,0,10,0,0,0,-118,2,0,  0]"
651,"[4,-5,2,0,76,65,-68,-20,77,116,46,83,105,110,97,105,6,0,0,0,-24,3,0,0,10,0,0,0,-117,2,0,  0]"
652,"[48,-4,2,0,76,65,-68,-20,77,116,46,83,105,110,97,105,6,0,0,0,-24,3,0,0,10,0,0,0,-116,2,0,  0]"
653,"[92,-3,2,0,76,65,-68,-20,77,116,46,83,105,110,97,105,6,0,0,0,-24,3,0,0,10,0,0,0,-115,2,0,  0]"
654,"[-120,-2,2,0,76,65,-68,-20,77,116,46,83,105,110,97,105,6,0,0,0,-24,3,0,0,10,0,0,0,-114,2,0,  0]"
655,"[-76,-1,2,0,76,65,-68,-20,77,116,46,83,105,110,97,105,6,0,0,0,-24,3,0,0,10,0,0,0,-113,2,0,  0]"
656,"[-32,0,3,0,76,65,-68,-20,77,116,46,83,105,110,97,105,6,0,0,0,-24,3,0,0,10,0,0,0,-112,2,0,  0]"
657,"[12,2,3,0,76,65,-68,-20,77,116,46,83,105,110,97,105,6,0,0,0,-24,3,0,0,10,0,0,0,-111,2,0,  0]"
658,"[56,3,3,0,76,65,-68,-20,77,116,46,83,105,110,97,105,6,0,0,0,-24,3,0,0,10,0,0,0,-110,2,0,  0]"
659,"[100,4,3,0,76,65,-68,-20,77,116,46,83,105,110,97,105,6,0,0,0,-24,3,0,0,10,0,0,0,-109,2,0,  0]"
660,"[-112,5,3,0,76,65,-68,-20,77,116,46,83,105,110,97,105,6,0,0,0,-24,3,0,0,10,0,0,0,-108,2,0,  0]"
661,"[-68,6,3,0,76,65,-68,-20,77,116,46,83,105,110,97,105,6,0,0,0,-24,3,0,0,10,0,0,0,-107,2,0,  0]"
662,"[-24,7,3,0,76,65,-68,-20,77,116,46,83,105,110,97,105,6,0,0,0,-24,3,0,0,10,0,0,0,-106,2,0,  0]"
663,"[20,9,3,0,76,65,-68,-20,77,116,46,83,105,110,97,105,6,0,0,0,-24,3,0,0,10,0,0,0,-105,2,0,  0]"
664,"[64,10,3,0,76,65,-68,-20,77,116,46,83,105,110,97,105,6,0,0,0,-24,3,0,0,10,0,0,0,-104,2,0,  0]"
665,"[108,11,3,0,76,65,-68,-20,77,116,46,83,105,110,97,105,6,0,0,0,-24,3,0,0,10,0,0,0,-103,2,0,  0]"
666,"[-104,12,3,0,76,65,-68,-20,77,116,46,83,105,110,97,105,6,0,0,0,-24,3,0,0,10,0,0,0,-102,2,0,  0]"
667,"[-60,13,3,0,76,65,-68,-20,77,116,46,83,105,110,97,105,6,0,0,0,-24,3,0,0,10,0,0,0,-101,2,0,  0]"
668,"[-16,14,3,0,76,65,-68,-20,77,116,46,83,105,110,97,105,6,0,0,0,-24,3,0,0,10,0,0,0,-100,2,0,  0]"
669,"[28,16,3,0,76,65,-68,-20,77,116,46,83,105,110,97,105,6,0,0,0,-24,3,0,0,10,0,0,0,-99,2,0,  0]"
670,"[72,17,3,0,76,65,-68,-20,77,116,46,83,105,110,97,105,6,0,0,0,-24,3,0,0,10,0,0,0,-98,2,0,  0]"
671,"[116,18,3,0,76,65,-68,-20,77,116,46,83,105,110,97,105,6,0,0,0,-24,3,0,0,10,0,0,0,-97,2,0,  0]"
672,"[-96,19,3,0,76,65,-68,-20,77,116,46,83,105,110,97,105,6,0,0,0,-24,3,0,0,10,0,0,0,-96,2,0,  0]"
673,"[-52,20,3,0,76,65,-68,-20,77,116,46,83,105,110,97,105,6,0,0,0,-24,3,0,0,10,0,0,0,-95,2,0,  0]"
674,"[-8,21,3,0,76,65,-68,-20,77,116,46,83,105,110,97,105,6,0,0,0,-24,3,0,0,10,0,0,0,-94,2,0,  0]"
675,"[36,23,3,0,76,65,-68,-20,77,116,46,83,105,110,97,105,6,0,0,0,-24,3,0,0,10,0,0,0,-93,2,0,  0]"
676,"[80,24,3,0,76,65,-68,-20,77,116,46,83,105,110,97,105,6,0,0,0,-24,3,0,0,10,0,0,0,-92,2,0,  0]"
677,"[124,25,3,0,76,65,-68,-20,77,116,46,83,105,110,97,105,6,0,0,0,-24,3,0,0,10,0,0,0,-91,2,0,  0]"
678,"[-88,26,3,0,76,65,-68,-20,77,116,46,83,105,110,97,105,6,0,0,0,-24,3,0,0,10,0,0,0,-90,2,0,  0]"
679,"[-44,27,3,0,76,65,-68,-20,77,116,46,83,105,110,97,105,6,0,0,0,-24,3,0,0,10,0,0,0,-89,2,0,  0]"
680,"[0,29,3,0,76,65,-68,-20,77,116,46,83,105,110,97,105,6,0,0,0,-24,3,0,0,10,0,0,0,-88,2,0,  0]"
681,"[44,30,3,0,76,65,-68,-20,77,116,46,83,105,110,97,105,6,0,0,0,-24,3,0,0,10,0,0,0,-87,2,0,  0]"
682,"[88,31,3,0,76,65,-68,-20,77,116,46,83,105,110,97,105,6,0,0,0,-24,3,0,0,10,0,0,0,-86,2,0,  0]"
683,"[-124,32,3,0,76,65,-68,-20,77,116,46,83,105,110,97,105,6,0,0,0,-24,3,0,0,10,0,0,0,-85,2,0,  0]"
684,"[-80,33,3,0,76,65,-68,-20,77,116,46,83,105,110,97,105,6,0,0,0,-24,3,0,0,10,0,0,0,-84,2,0,  0]"
685,"[-36,34,3,0,76,65,-68,-20,77,116,46,83,105,110,97,105,6,0,0,0,-24,3,0,0,10,0,0,0,-83,2,0,  0]"
686,"[8,36,3,0,76,65,-68,-20,77,116,46,83,105,110,97,105,6,0,0,0,-24,3,0,0,10,0,0,0,-82,2,0,  0]"
687,"[52,37,3,0,76,65,-68,-20,77,116,46,83,105,110,97,105,6,0,0,0,-24,3,0,0,10,0,0,0,-81,2,0,  0]"
688,"[96,38,3,0,76,65,-68,-20,77,116,46,83,105,110,97,105,6,0,0,0,-24,3,0,0,10,0,0,0,-80,2,0,  0]"
689,"[-116,39,3,0,76,65,-68,-20,77,116,46,83,105,110,97,105,6,0,0,0,-24,3,0,0,10,0,0,0,-79,2,0,  0]"
690,"[-72,40,3,0,76,65,-68,-20,77,116,46,83,105,110,97,105,6,0,0,0,-24,3,0,0,10,0,0,0,-78,2,0,  0]"
691,"[-28,41,3,0,76,65,-68,-20,77,116,46,83,105,110,97,105,6,0,0,0,-24,3,0,0,10,0,0,0,-77,2,0,  0]"
692,"[16,43,3,0,76,65,-68,-20,77,116,46,83,105,110,97,105,6,0,0,0,-24,3,0,0,10,0,0,0,-76,2,0,  0]"
693,"[60,44,3,0,76,65,-68,-20,77,116,46,83,105,110,97,105,6,0,0,0,-24,3,0,0,10,0,0,0,-75,2,0,  0]"
694,"[104,45,3,0,76,65,-68,-20,77,116,46,83,105,110,97,105,6,0,0,0,-24,3,0,0,10,0,0,0,-74,2,0,  0]"
695,"[-108,46,3,0,76,65,-68,-20,77,116,46,83,105,110,97,105,6,0,0,0,-24,3,0,0,10,0,0,0,-73,2,0,  0]"
696,"[-64,47,3,0,76,65,-68,-20,77,116,46,83,105,110,97,105,6,0,0,0,-24,3,0,0,10,0,0,0,-72,2,0,  0]"
697,"[-20,48,3,0,76,65,-68,-20,77,116,46,83,105,110,97,105,6,0,0,0,-24,3,0,0,10,0,0,0,-71,2,0,  0]"
698,"[24,50,3,0,76,65,-68,-20,77,116,46,83,105,110,97,105,6,0,0,0,-24,3,0,0,10,0,0,0,-70,2,0,  0]"
699,"[68,51,3,0,76,65,-68,-20,77,116,46,83,105,110,97,105,6,0,0,0,-24,3,0,0,10,0,0,0,-69,2,0,  0]"
700,"[112,52,3,0,76,65,-68,-20,77,116,46,83,105,110,97,105,6,0,0,0,-24,3,0,0,10,0,0,0,-68,2,0,  0]"
701,"[-100,53,3,0,76,65,-68,-20,77,116,46,83,105,110,97,105,6,0,0,0,-24,3,0,0,10,0,0,0,-67,2,0,  0]"
702,"[-56,54,3,0,76,65,-68,-20,77,116,46,83,105,110,97,105,6,0,0,0,-24,3,0,0,10,0,0,0,-66,2,0,  0]"
703,"[-12,55,3,0,76,65,-68,-20,77,116,46,83,105,110,97,105,6,0,0,0,-24,3,0,0,10,0,0,0,-65,2,0,  0]"
704,"[32,57,3,0,76,65,-68,-20,77,116,46,83,105,110,97,105,6,0,0,0,-24,3,0,0,10,0,0,0,-64,2,0,  0]"
705,"[76,58,3,0,76,65,-68,-20,77,116,46,83,105,110,97,105,6,0,0,0,-24,3,0,0,10,0,0,0,-63,2,0,  0]"
706,"[120,59,3,0,76,65,-68,-20,77,116,46,83,105,110,97,105,6,0,0,0,-24,3,0,0,10,0,0,0,-62,2,0,  0]"
707,"[-92,60,3,0,76,65,-68,-20,77,116,46,83,105,110,97,105,6,0,0,0,-24,3,0,0,10,0,0,0,-61,2,0,  0]"
708,"[-48,61,3,0,76,65,-68,-20,77,116,46,83,105,110,97,105,6,0,0,0,-24,3,0,0,10,0,0,0,-60,2,0,  0]"
709,"[-4,62,3,0,76,65,-68,-20,77,116,46,83,105,110,97,105,6,0,0,0,-24,3,0,0,10,0,0,0,-59,2,0,  0]"
710,"[40,64,3,0,76,65,-68,-20,77,116,46,83,105,110,97,105,6,0,0,0,-24,3,0,0,10,0,0,0,-58,2,0,  0]"
711,"[84,65,3,0,76,65,-68,-20,77,116,46,83,105,110,97,105,6,0,0,0,-24,3,0,0,10,0,0,0,-57,2,0,  0]"
712,"[-128,66,3,0,76,65,-68,-20,77,116,46,83,105,110,97,105,6,0,0,0,-24,3,0,0,10,0,0,0,-56,2,0,  0]"
713,"[-84,67,3,0,76,65,-68,-20,77,116,46,83,105,110,97,105,6,0,0,0,-24,3,0,0,10,0,0,0,-55,2,0,  0]"
714,"[-40,68,3,0,76,65,-68,-20,77,116,46,83,105,110,97,105,6,0,0,0,-24,3,0,0,10,0,0,0,-54,2,0,  0]"
715,"[4,70,3,0,76,65,-68,-20,77,116,46,83,105,110,97,105,6,0,0,0,-24,3,0,0,10,0,0,0,-53,2,0,  0]"
716,"[48,71,3,0,76,65,-68,-20,77,116,46,83,105,110,97,105,6,0,0,0,-24,3,0,0,10,0,0,0,-52,2,0,  0]"
717,"[92,72,3,0,76,65,-68,-20,77,116,46,83,105,110,97,105,6,0,0,0,-24,3,0,0,10,0,0,0,-51,2,0,  0]"
718,"[-120,73,3,0,76,65,-68,-20,77,116,46,83,105,110,97,105,6,0,0,0,-24,3,0,0,10,0,0,0,-50,2,0,  0]"
719,"[-76,74,3,0,76,65,-68,-20,77,116,46,83,105,110,97,105,6,0,0,0,-24,3,0,0,10,0,0,0,-49,2,0,  0]"
720,"[-32,75,3,0,76,65,-68,-20,77,116,46,83,105,110,97,105,6,0,0,0,-24,3,0,0,10,0,0,0,-48,2,0,  0]"
721,"[12,77,3,0,76,65,-68,-20,77,116,46,83,105,110,97,105,6,0,0,0,-24,3,0,0,10,0,0,0,-47,2,0,  0]"
722,"[56,78,3,0,76,65,-68,-20,77,116,46,83,105,110,97,105,6,0,0,0,-24,3,0,0,10,0,0,0,-46,2,0,  0]"
723,"[100,79,3,0,76,65,-68,-20,77,116,46,83,105,110,97,105,6,0,0,0,-24,3,0,0,10,0,0,0,-45,2,0,  0]"
724,"[-112,80,3,0,76,65,-68,-20,77,116,46,83,105,110,97,105,6,0,0,0,-24,3,0,0,10,0,0,0,-44,2,0,  0]"
725,"[-68,81,3,0,76,65,-68,-20,77,116,46,83,105,110,97,105,6,0,0,0,-24,3,0,0,10,0,0,0,-43,2,0,  0]"
726,"[-24,82,3,0,76,65,-68,-20,77,116,46,83,105,110,97,105,6,0,0,0,-24,3,0,0,10,0,0,0,-42,2,0,  0]"
727,"[20,84,3,0,76,65,-68,-20,77,116,46,83,105,110,97,105,6,0,0,0,-24,3,0,0,10,0,0,0,-41,2,0,  0]"
728,"[64,85,3,0,76,65,-68,-20,77,116,46,83,105,110,97,105,6,0,0,0,-24,3,0,0,10,0,0,0,-40,2,0,  0]"
729,"[108,86,3,0,76,65,-68,-20,77,116,46,83,105,110,97,105,6,0,0,0,-24,3,0,0,10,0,0,0,-39,2,0,  0]"
730,"[-104,87,3,0,76,65,-68,-20,77,116,46,83,105,110,97,105,6,0,0,0,-24,3,0,0,10,0,0,0,-38,2,0,  0]"
731,"[-60,88,3,0,76,65,-68,-20,77,116,46,83,105,110,97,105,6,0,0,0,-24,3,0,0,10,0,0,0,-37,2,0,  0]"
732,"[-16,89,3,0,76,65,-68,-20,77,116,46,83,105,110,97,105,6,0,0,0,-24,3,0,0,10,0,0,0,-36,2,0,  0]"
733,"[28,91,3,0,76,65,-68,-20,77,116,46,83,105,110,97,105,6,0,0,0,-24,3,0,0,10,0,0,0,-35,2,0,  0]"
734,"[72,92,3,0,76,65,-68,-20,77,116,46,83,105,110,97,105,6,0,0,0,-24,3,0,0,10,0,0,0,-34,2,0,  0]"
735,"[116,93,3,0,76,65,-68,-20,77,116,46,83,105,110,97,105,6,0,0,0,-24,3,0,0,10,0,0,0,-33,2,0,  0]"
736,"[-96,94,3,0,76,65,-68,-20,77,116,46,83,105,110,97,105,6,0,0,0,-24,3,0,0,10,0,0,0,-32,2,0,  0]"
737,"[-52,95,3,0,76,65,-68,-20,77,116,46,83,105,110,97,105,6,0,0,0,-24,3,0,0,10,0,0,0,-31,2,0,  0]"
738,"[-8,96,3,0,76,65,-68,-20,77,116,46,83,105,110,97,105,6,0,0,0,-24,3,0,0,10,0,0,0,-30,2,0,  0]"
739,"[36,98,3,0,76,65,-68,-20,77,116,46,83,105,110,97,105,6,0,0,0,-24,3,0,0,10,0,0,0,-29,2,0,  0]"
740,"[80,99,3,0,76,65,-68,-20,77,116,46,83,105,110,97,105,6,0,0,0,-24,3,0,0,10,0,0,0,-28,2,0,  0]"
741,"[124,100,3,0,76,65,-68,-20,77,116,46,83,105,110,97,105,6,0,0,0,-24,3,0,0,10,0,0,0,-27,2,0,  0]"
742,"[-88,101,3,0,76,65,-68,-20,77,116,46,83,105,110,97,105,6,0,0,0,-24,3,0,0,10,0,0,0,-26,2,0,  0]"
743,"[-44,102,3,0,76,65,-68,-20,77,116,46,83,105,110,97,105,6,0,0,0,-24,3,0,0,10,0,0,0,-25,2,0,  0]"
744,"[0,104,3,0,76,65,-68,-20,77,116,46,83,105,110,97,105,6,0,0,0,-24,3,0,0,10,0,0,0,-24,2,0,  0]"
745,"[44,105,3,0,76,65,-68,-20,77,116,46,83,105,110,97,105,6,0,0,0,-24,3,0,0,10,0,0,0,-23,2,0,  0]"
746,"[88,106,3,0,76,65,-68,-20,77,116,46,83,105,110,97,105,6,0,0,0,-24,3,0,0,10,0,0,0,-22,2,0,  0]"
747,"[-124,107,3,0,76,65,-68,-20,77,116,46,83,105,110,97,105,6,0,0,0,-24,3,0,0,10,0,0,0,-21,2,0,  0]"
748,"[-80,108,3,0,76,65,-68,-20,77,116,46,83,105,110,97,105,6,0,0,0,-24,3,0,0,10,0,0,0,-20,2,0,  0]"
749,"[-36,109,3,0,76,65,-68,-20,77,116,46,83,105,110,97,105,6,0,0,0,-24,3,0,0,10,0,0,0,-19,2,0,  0]"
750,"[8,111,3,0,76,65,-68,-20,77,116,46,83,105,110,97,105,6,0,0,0,-24,3,0,0,10,0,0,0,-18,2,0,  0]"
751,"[52,112,3,0,76,65,-68,-20,77,116,46,83,105,110,97,105,6,0,0,0,-24,3,0,0,10,0,0,0,-17,2,0,  0]"
752,"[96,113,3,0,76,65,-68,-20,77,116,46,83,105,110,97,105,6,0,0,0,-24,3,0,0,10,0,0,0,-16,2,0,  0]"
753,"[-116,114,3,0,76,65,-68,-20,77,116,46,83,105,110,97,105,6,0,0,0,-24,3,0,0,10,0,0,0,-15,2,0,  0]"
754,"[-72,115,3,0,76,65,-68,-20,77,116,46,83,105,110,97,105,6,0,0,0,-24,3,0,0,10,0,0,0,-14,2,0,  0]"
755,"[-28,116,3,0,76,65,-68,-20,77,116,46,83,105,110,97,105,6,0,0,0,-24,3,0,0,10,0,0,0,-13,2,0,  0]"
756,"[16,118,3,0,76,65,-68,-20,77,116,46,83,105,110,97,105,6,0,0,0,-24,3,0,0,10,0,0,0,-12,2,0,  0]"
757,"[60,119,3,0,76,65,-68,-20,77,116,46,83,105,110,97,105,6,0,0,0,-24,3,0,0,10,0,0,0,-11,2,0,  0]"
758,"[104,120,3,0,76,65,-68,-20,77,116,46,83,105,110,97,105,6,0,0,0,-24,3,0,0,10,0,0,0,-10,2,0,  0]"
759,"[-108,121,3,0,76,65,-68,-20,77,116,46,83,105,110,97,105,6,0,0,0,-24,3,0,0,10,0,0,0,-9,2,0,  0]"
760,"[-64,122,3,0,76,65,-68,-20,77,116,46,83,105,110,97,105,6,0,0,0,-24,3,0,0,10,0,0,0,-8,2,0,  0]"
761,"[-20,123,3,0,76,65,-68,-20,77,116,46,83,105,110,97,105,6,0,0,0,-24,3,0,0,10,0,0,0,-7,2,0,  0]"
762,"[24,125,3,0,76,65,-68,-20,77,116,46,83,105,110,97,105,6,0,0,0,-24,3,0,0,10,0,0,0,-6,2,0,  0]"
763,"[68,126,3,0,76,65,-68,-20,77,116,46,83,105,110,97,105,6,0,0,0,-24,3,0,0,10,0,0,0,-5,2,0,  0]"
764,"[112,127,3,0,76,65,-68,-20,77,116,46,83,105,110,97,105,6,0,0,0,-24,3,0,0,10,0,0,0,-4,2,0,  0]"
765,"[-100,-128,3,0,76,65,-68,-20,77,116,46,83,105,110,97,105,6,0,0,0,-24,3,0,0,10,0,0,0,-3,2,0,  0]"
766,"[-56,-127,3,0,76,65,-68,-20,77,116,46,83,105,110,97,105,6,0,0,0,-24,3,0,0,10,0,0,0,-2,2,0,  0]"
767,"[-12,-126,3,0,76,65,-68,-20,77,116,46,83,105,110,97,105,6,0,0,0,-24,3,0,0,10,0,0,0,-1,2,0,  0]"
768,"[32,-124,3,0,76,65,-68,-20,77,116,46,83,105,110,97,105,6,0,0,0,-24,3,0,0,10,0,0,0,0,3,0,  0]"
769,"[76,-123,3,0,76,65,-68,-20,77,116,46,83,105,110,97,105,6,0,0,0,-24,3,0,0,10,0,0,0,1,3,0,  0]"
770,"[120,-122,3,0,76,65,-68,-20,77,116,46,83,105,110,97,105,6,0,0,0,-24,3,0,0,10,0,0,0,2,3,0,  0]"
771,"[-92,-121,3,0,76,65,-68,-20,77,116,46,83,105,110,97,105,6,0,0,0,-24,3,0,0,10,0,0,0,3,3,0,  0]"
772,"[-48,-120,3,0,76,65,-68,-20,77,116,46,83,105,110,97,105,6,0,0,0,-24,3,0,0,10,0,0,0,4,3,0,  0]"
773,"[-4,-119,3,0,76,65,-68,-20,77,116,46,83,105,110,97,105,6,0,0,0,-24,3,0,0,10,0,0,0,5,3,0,  0]"
774,"[40,-117,3,0,76,65,-68,-20,77,116,46,83,105,110,97,105,6,0,0,0,-24,3,0,0,10,0,0,0,6,3,0,  0]"
775,"[84,-116,3,0,76,65,-68,-20,77,116,46,83,105,110,97,105,6,0,0,0,-24,3,0,0,10,0,0,0,7,3,0,  0]"
776,"[-128,-115,3,0,76,65,-68,-20,77,116,46,83,105,110,97,105,6,0,0,0,-24,3,0,0,10,0,0,0,8,3,0,  0]"
777,"[-84,-114,3,0,76,65,-68,-20,77,116,46,83,105,110,97,105,6,0,0,0,-24,3,0,0,10,0,0,0,9,3,0,  0]"
778,"[-40,-113,3,0,76,65,-68,-20,77,116,46,83,105,110,97,105,6,0,0,0,-24,3,0,0,10,0,0,0,10,3,0,  0]"
779,"[4,-111,3,0,76,65,-68,-20,77,116,46,83,105,110,97,105,6,0,0,0,-24,3,0,0,10,0,0,0,11,3,0,  0]"
780,"[48,-110,3,0,76,65,-68,-20,77,116,46,83,105,110,97,105,6,0,0,0,-24,3,0,0,10,0,0,0,12,3,0,  0]"
781,"[92,-109,3,0,76,65,-68,-20,77,116,46,83,105,110,97,105,6,0,0,0,-24,3,0,0,10,0,0,0,13,3,0,  0]"
782,"[-120,-108,3,0,76,65,-68,-20,77,116,46,83,105,110,97,105,6,0,0,0,-24,3,0,0,10,0,0,0,14,3,0,  0]"
783,"[-76,-107,3,0,76,65,-68,-20,77,116,46,83,105,110,97,105,6,0,0,0,-24,3,0,0,10,0,0,0,15,3,0,  0]"
784,"[-32,-106,3,0,76,65,-68,-20,77,116,46,83,105,110,97,105,6,0,0,0,-24,3,0,0,10,0,0,0,16,3,0,  0]"
785,"[12,-104,3,0,76,65,-68,-20,77,116,46,83,105,110,97,105,6,0,0,0,-24,3,0,0,10,0,0,0,17,3,0,  0]"
786,"[56,-103,3,0,76,65,-68,-20,77,116,46,83,105,110,97,105,6,0,0,0,-24,3,0,0,10,0,0,0,18,3,0,  0]"
787,"[100,-102,3,0,76,65,-68,-20,77,116,46,83,105,110,97,105,6,0,0,0,-24,3,0,0,10,0,0,0,19,3,0,  0]"
788,"[-112,-101,3,0,76,65,-68,-20,77,116,46,83,105,110,97,105,6,0,0,0,-24,3,0,0,10,0,0,0,20,3,0,  0]"
789,"[-68,-100,3,0,76,65,-68,-20,77,116,46,83,105,110,97,105,6,0,0,0,-24,3,0,0,10,0,0,0,21,3,0,  0]"
790,"[-24,-99,3,0,76,65,-68,-20,77,116,46,83,105,110,97,105,6,0,0,0,-24,3,0,0,10,0,0,0,22,3,0,  0]"
791,"[20,-97,3,0,76,65,-68,-20,77,116,46,83,105,110,97,105,6,0,0,0,-24,3,0,0,10,0,0,0,23,3,0,  0]"
792,"[64,-96,3,0,76,65,-68,-20,77,116,46,83,105,110,97,105,6,0,0,0,-24,3,0,0,10,0,0,0,24,3,0,  0]"
793,"[108,-95,3,0,76,65,-68,-20,77,116,46,83,105,110,97,105,6,0,0,0,-24,3,0,0,10,0,0,0,25,3,0,  0]"
794,"[-104,-94,3,0,76,65,-68,-20,77,116,46,83,105,110,97,105,6,0,0,0,-24,3,0,0,10,0,0,0,26,3,0,  0]"
795,"[-60,-93,3,0,76,65,-68,-20,77,116,46,83,105,110,97,105,6,0,0,0,-24,3,0,0,10,0,0,0,27,3,0,  0]"
796,"[-16,-92,3,0,76,65,-68,-20,77,116,46,83,105,110,97,105,6,0,0,0,-24,3,0,0,10,0,0,0,28,3,0,  0]"
797,"[28,-90,3,0,76,65,-68,-20,77,116,46,83,105,110,97,105,6,0,0,0,-24,3,0,0,10,0,0,0,29,3,0,  0]"
798,"[72,-89,3,0,76,65,-68,-20,77,116,46,83,105,110,97,105,6,0,0,0,-24,3,0,0,10,0,0,0,30,3,0,  0]"
799,"[116,-88,3,0,76,65,-68,-20,77,116,46,83,105,110,97,105,6,0,0,0,-24,3,0,0,10,0,0,0,31,3,0,  0]"
800,"[-96,-87,3,0,76,65,-68,-20,77,116,46,83,105,110,97,105,6,0,0,0,-24,3,0,0,10,0,0,0,32,3,0,  0]"
801,"[-52,-86,3,0,76,65,-68,-20,77,116,46,83,105,110,97,105,6,0,0,0,-24,3,0,0,10,0,0,0,33,3,0,  0]"
802,"[-8,-85,3,0,76,65,-68,-20,77,116,46,83,105,110,97,105,6,0,0,0,-24,3,0,0,10,0,0,0,34,3,0,  0]"
803,"[36,-83,3,0,76,65,-68,-20,77,116,46,83,105,110,97,105,6,0,0,0,-24,3,0,0,10,0,0,0,35,3,0,  0]"
804,"[80,-82,3,0,76,65,-68,-20,77,116,46,83,105,110,97,105,6,0,0,0,-24,3,0,0,10,0,0,0,36,3,0,  0]"
805,"[124,-81,3,0,76,65,-68,-20,77,116,46,83,105,110,97,105,6,0,0,0,-24,3,0,0,10,0,0,0,37,3,0,  0]"
806,"[-88,-80,3,0,76,65,-68,-20,77,116,46,83,105,110,97,105,6,0,0,0,-24,3,0,0,10,0,0,0,38,3,0,  0]"
807,"[-44,-79,3,0,76,65,-68,-20,77,116,46,83,105,110,97,105,6,0,0,0,-24,3,0,0,10,0,0,0,39,3,0,  0]"
808,"[0,-77,3,0,76,65,-68,-20,77,116,46,83,105,110,97,105,6,0,0,0,-24,3,0,0,10,0,0,0,40,3,0,  0]"
809,"[44,-76,3,0,76,65,-68,-20,77,116,46,83,105,110,97,105,6,0,0,0,-24,3,0,0,10,0,0,0,41,3,0,  0]"
810,"[88,-75,3,0,76,65,-68,-20,77,116,46,83,105,110,97,105,6,0,0,0,-24,3,0,0,10,0,0,0,42,3,0,  0]"
811,"[-124,-74,3,0,76,65,-68,-20,77,116,46,83,105,110,97,105,6,0,0,0,-24,3,0,0,10,0,0,0,43,3,0,  0]"
812,"[-80,-73,3,0,76,65,-68,-20,77,116,46,83,105,110,97,105,6,0,0,0,-24,3,0,0,10,0,0,0,44,3,0,  0]"
813,"[-36,-72,3,0,76,65,-68,-20,77,116,46,83,105,110,97,105,6,0,0,0,-24,3,0,0,10,0,0,0,45,3,0,  0]"
814,"[8,-70,3,0,76,65,-68,-20,77,116,46,83,105,110,97,105,6,0,0,0,-24,3,0,0,10,0,0,0,46,3,0,  0]"
815,"[52,-69,3,0,76,65,-68,-20,77,116,46,83,105,110,97,105,6,0,0,0,-24,3,0,0,10,0,0,0,47,3,0,  0]"
816,"[96,-68,3,0,76,65,-68,-20,77,116,46,83,105,110,97,105,6,0,0,0,-24,3,0,0,10,0,0,0,48,3,0,  0]"
817,"[-116,-67,3,0,76,65,-68,-20,77,116,46,83,105,110,97,105,6,0,0,0,-24,3,0,0,10,0,0,0,49,3,0,  0]"
818,"[-72,-66,3,0,76,65,-68,-20,77,116,46,83,105,110,97,105,6,0,0,0,-24,3,0,0,10,0,0,0,50,3,0,  0]"
819,"[-28,-65,3,0,76,65,-68,-20,77,116,46,83,105,110,97,105,6,0,0,0,-24,3,0,0,10,0,0,0,51,3,0,  0]"
820,"[16,-63,3,0,76,65,-68,-20,77,116,46,83,105,110,97,105,6,0,0,0,-24,3,0,0,10,0,0,0,52,3,0,  0]"
821,"[60,-62,3,0,76,65,-68,-20,77,116,46,83,105,110,97,105,6,0,0,0,-24,3,0,0,10,0,0,0,53,3,0,  0]"
822,"[104,-61,3,0,76,65,-68,-20,77,116,46,83,105,110,97,105,6,0,0,0,-24,3,0,0,10,0,0,0,54,3,0,  0]"
823,"[-108,-60,3,0,76,65,-68,-20,77,116,46,83,105,110,97,105,6,0,0,0,-24,3,0,0,10,0,0,0,55,3,0,  0]"
824,"[-64,-59,3,0,76,65,-68,-20,77,116,46,83,105,110,97,105,6,0,0,0,-24,3,0,0,10,0,0,0,56,3,0,  0]"
825,"[-20,-58,3,0,76,65,-68,-20,77,116,46,83,105,110,97,105,6,0,0,0,-24,3,0,0,10,0,0,0,57,3,0,  0]"
826,"[24,-56,3,0,76,65,-68,-20,77,116,46,83,105,110,97,105,6,0,0,0,-24,3,0,0,10,0,0,0,58,3,0,  0]"
827,"[68,-55,3,0,76,65,-68,-20,77,116,46,83,105,110,97,105,6,0,0,0,-24,3,0,0,10,0,0,0,59,3,0,  0]"
828,"[112,-54,3,0,76,65,-68,-20,77,116,46,83,105,110,97,105,6,0,0,0,-24,3,0,0,10,0,0,0,60,3,0,  0]"
829,"[-100,-53,3,0,76,65,-68,-20,77,116,46,83,105,110,97,105,6,0,0,0,-24,3,0,0,10,0,0,0,61,3,0,  0]"
830,"[-56,-52,3,0,76,65,-68,-20,77,116,46,83,105,110,97,105,6,0,0,0,-24,3,0,0,10,0,0,0,62,3,0,  0]"
831,"[-12,-51,3,0,76,65,-68,-20,77,116,46,83,105,110,97,105,6,0,0,0,-24,3,0,0,10,0,0,0,63,3,0,  0]"
832,"[32,-49,3,0,76,65,-68,-20,77,116,46,83,105,110,97,105,6,0,0,0,-24,3,0,0,10,0,0,0,64,3,0,  0]"
833,"[76,-48,3,0,76,65,-68,-20,77,116,46,83,105,110,97,105,6,0,0,0,-24,3,0,0,10,0,0,0,65,3,0,  0]"
834,"[120,-47,3,0,76,65,-68,-20,77,116,46,83,105,110,97,105,6,0,0,0,-24,3,0,0,10,0,0,0,66,3,0,  0]"
835,"[-92,-46,3,0,76,65,-68,-20,77,116,46,83,105,110,97,105,6,0,0,0,-24,3,0,0,10,0,0,0,67,3,0,  0]"
836,"[-48,-45,3,0,76,65,-68,-20,77,116,46,83,105,110,97,105,6,0,0,0,-24,3,0,0,10,0,0,0,68,3,0,  0]"
837,"[-4,-44,3,0,76,65,-68,-20,77,116,46,83,105,110,97,105,6,0,0,0,-24,3,0,0,10,0,0,0,69,3,0,  0]"
838,"[40,-42,3,0,76,65,-68,-20,77,116,46,83,105,110,97,105,6,0,0,0,-24,3,0,0,10,0,0,0,70,3,0,  0]"
839,"[84,-41,3,0,76,65,-68,-20,77,116,46,83,105,110,97,105,6,0,0,0,-24,3,0,0,10,0,0,0,71,3,0,  0]"
840,"[-128,-40,3,0,76,65,-68,-20,77,116,46,83,105,110,97,105,6,0,0,0,-24,3,0,0,10,0,0,0,72,3,0,  0]"
841,"[-84,-39,3,0,76,65,-68,-20,77,116,46,83,105,110,97,105,6,0,0,0,-24,3,0,0,10,0,0,0,73,3,0,  0]"
842,"[-40,-38,3,0,76,65,-68,-20,77,116,46,83,105,110,97,105,6,0,0,0,-24,3,0,0,10,0,0,0,74,3,0,  0]"
843,"[4,-36,3,0,76,65,-68,-20,77,116,46,83,105,110,97,105,6,0,0,0,-24,3,0,0,10,0,0,0,75,3,0,  0]"
844,"[48,-35,3,0,76,65,-68,-20,77,116,46,83,105,110,97,105,6,0,0,0,-24,3,0,0,10,0,0,0,76,3,0,  0]"
845,"[92,-34,3,0,76,65,-68,-20,77,116,46,83,105,110,97,105,6,0,0,0,-24,3,0,0,10,0,0,0,77,3,0,  0]"
846,"[-120,-33,3,0,76,65,-68,-20,77,116,46,83,105,110,97,105,6,0,0,0,-24,3,0,0,10,0,0,0,78,3,0,  0]"
847,"[-76,-32,3,0,76,65,-68,-20,77,116,46,83,105,110,97,105,6,0,0,0,-24,3,0,0,10,0,0,0,79,3,0,  0]"
848,"[-32,-31,3,0,76,65,-68,-20,77,116,46,83,105,110,97,105,6,0,0,0,-24,3,0,0,10,0,0,0,80,3,0,  0]"
849,"[12,-29,3,0,76,65,-68,-20,77,116,46,83,105,110,97,105,6,0,0,0,-24,3,0,0,10,0,0,0,81,3,0,  0]"
850,"[56,-28,3,0,76,65,-68,-20,77,116,46,83,105,110,97,105,6,0,0,0,-24,3,0,0,10,0,0,0,82,3,0,  0]"
851,"[100,-27,3,0,76,65,-68,-20,77,116,46,83,105,110,97,105,6,0,0,0,-24,3,0,0,10,0,0,0,83,3,0,  0]"
852,"[-112,-26,3,0,76,65,-68,-20,77,116,46,83,105,110,97,105,6,0,0,0,-24,3,0,0,10,0,0,0,84,3,0,  0]"
853,"[-68,-25,3,0,76,65,-68,-20,77,116,46,83,105,110,97,105,6,0,0,0,-24,3,0,0,10,0,0,0,85,3,0,  0]"
854,"[-24,-24,3,0,76,65,-68,-20,77,116,46,83,105,110,97,105,6,0,0,0,-24,3,0,0,10,0,0,0,86,3,0,  0]"
855,"[20,-22,3,0,76,65,-68,-20,77,116,46,83,105,110,97,105,6,0,0,0,-24,3,0,0,10,0,0,0,87,3,0,  0]"
856,"[64,-21,3,0,76,65,-68,-20,77,116,46,83,105,110,97,105,6,0,0,0,-24,3,0,0,10,0,0,0,88,3,0,  0]"
857,"[108,-20,3,0,76,65,-68,-20,77,116,46,83,105,110,97,105,6,0,0,0,-24,3,0,0,10,0,0,0,89,3,0,  0]"
858,"[-104,-19,3,0,76,65,-68,-20,77,116,46,83,105,110,97,105,6,0,0,0,-24,3,0,0,10,0,0,0,90,3,0,  0]"
859,"[-60,-18,3,0,76,65,-68,-20,77,116,46,83,105,110,97,105,6,0,0,0,-24,3,0,0,10,0,0,0,91,3,0,  0]"
860,"[-16,-17,3,0,76,65,-68,-20,77,116,46,83,105,110,97,105,6,0,0,0,-24,3,0,0,10,0,0,0,92,3,0,  0]"
861,"[28,-15,3,0,76,65,-68,-20,77,116,46,83,105,110,97,105,6,0,0,0,-24,3,0,0,10,0,0,0,93,3,0,  0]"
862,"[72,-14,3,0,76,65,-68,-20,77,116,46,83,105,110,97,105,6,0,0,0,-24,3,0,0,10,0,0,0,94,3,0,  0]"
863,"[116,-13,3,0,76,65,-68,-20,77,116,46,83,105,110,97,105,6,0,0,0,-24,3,0,0,10,0,0,0,95,3,0,  0]"
864,"[-96,-12,3,0,76,65,-68,-20,77,116,46,83,105,110,97,105,6,0,0,0,-24,3,0,0,10,0,0,0,96,3,0,  0]"
865,"[-52,-11,3,0,76,65,-68,-20,77,116,46,83,105,110,97,105,6,0,0,0,-24,3,0,0,10,0,0,0,97,3,0,  0]"
866,"[-8,-10,3,0,76,65,-68,-20,77,116,46,83,105,110,97,105,6,0,0,0,-24,3,0,0,10,0,0,0,98,3,0,  0]"
867,"[36,-8,3,0,76,65,-68,-20,77,116,46,83,105,110,97,105,6,0,0,0,-24,3,0,0,10,0,0,0,99,3,0,  0]"
868,"[80,-7,3,0,76,65,-68,-20,77,116,46,83,105,110,97,105,6,0,0,0,-24,3,0,0,10,0,0,0,100,3,0,  0]"
869,"[124,-6,3,0,76,65,-68,-20,77,116,46,83,105,110,97,105,6,0,0,0,-24,3,0,0,10,0,0,0,101,3,0,  0]"
870,"[-88,-5,3,0,76,65,-68,-20,77,116,46,83,105,110,97,105,6,0,0,0,-24,3,0,0,10,0,0,0,102,3,0,  0]"
871,"[-44,-4,3,0,76,65,-68,-20,77,116,46,83,105,110,97,105,6,0,0,0,-24,3,0,0,10,0,0,0,103,3,0,  0]"
872,"[0,-2,3,0,76,65,-68,-20,77,116,46,83,105,110,97,105,6,0,0,0,-24,3,0,0,10,0,0,0,104,3,0,  0]"
873,"[44,-1,3,0,76,65,-68,-20,77,116,46,83,105,110,97,105,6,0,0,0,-24,3,0,0,10,0,0,0,105,3,0,  0]"
874,"[88,0,4,0,76,65,-68,-20,77,116,46,83,105,110,97,105,6,0,0,0,-24,3,0,0,10,0,0,0,106,3,0,  0]"
875,"[-124,1,4,0,76,65,-68,-20,77,116,46,83,105,110,97,105,6,0,0,0,-24,3,0,0,10,0,0,0,107,3,0,  0]"
876,"[-80,2,4,0,76,65,-68,-20,77,116,46,83,105,110,97,105,6,0,0,0,-24,3,0,0,10,0,0,0,108,3,0,  0]"
877,"[-36,3,4,0,76,65,-68,-20,77,116,46,83,105,110,97,105,6,0,0,0,-24,3,0,0,10,0,0,0,109,3,0,  0]"
878,"[8,5,4,0,76,65,-68,-20,77,116,46,83,105,110,97,105,6,0,0,0,-24,3,0,0,10,0,0,0,110,3,0,  0]"
879,"[52,6,4,0,76,65,-68,-20,77,116,46,83,105,110,97,105,6,0,0,0,-24,3,0,0,10,0,0,0,111,3,0,  0]"
880,"[96,7,4,0,76,65,-68,-20,77,116,46,83,105,110,97,105,6,0,0,0,-24,3,0,0,10,0,0,0,112,3,0,  0]"
881,"[-116,8,4,0,76,65,-68,-20,77,116,46,83,105,110,97,105,6,0,0,0,-24,3,0,0,10,0,0,0,113,3,0,  0]"
882,"[-72,9,4,0,76,65,-68,-20,77,116,46,83,105,110,97,105,6,0,0,0,-24,3,0,0,10,0,0,0,114,3,0,  0]"
883,"[-28,10,4,0,76,65,-68,-20,77,116,46,83,105,110,97,105,6,0,0,0,-24,3,0,0,10,0,0,0,115,3,0,  0]"
884,"[16,12,4,0,76,65,-68,-20,77,116,46,83,105,110,97,105,6,0,0,0,-24,3,0,0,10,0,0,0,116,3,0,  0]"
885,"[60,13,4,0,76,65,-68,-20,77,116,46,83,105,110,97,105,6,0,0,0,-24,3,0,0,10,0,0,0,117,3,0,  0]"
886,"[104,14,4,0,76,65,-68,-20,77,116,46,83,105,110,97,105,6,0,0,0,-24,3,0,0,10,0,0,0,118,3,0,  0]"
887,"[-108,15,4,0,76,65,-68,-20,77,116,46,83,105,110,97,105,6,0,0,0,-24,3,0,0,10,0,0,0,119,3,0,  0]"
888,"[-64,16,4,0,76,65,-68,-20,77,116,46,83,105,110,97,105,6,0,0,0,-24,3,0,0,10,0,0,0,120,3,0,  0]"
889,"[-20,17,4,0,76,65,-68,-20,77,116,46,83,105,110,97,105,6,0,0,0,-24,3,0,0,10,0,0,0,121,3,0,  0]"
890,"[24,19,4,0,76,65,-68,-20,77,116,46,83,105,110,97,105,6,0,0,0,-24,3,0,0,10,0,0,0,122,3,0,  0]"
891,"[68,20,4,0,76,65,-68,-20,77,116,46,83,105,110,97,105,6,0,0,0,-24,3,0,0,10,0,0,0,123,3,0,  0]"
892,"[112,21,4,0,76,65,-68,-20,77,116,46,83,105,110,97,105,6,0,0,0,-24,3,0,0,10,0,0,0,124,3,0,  0]"
893,"[-100,22,4,0,76,65,-68,-20,77,116,46,83,105,110,97,105,6,0,0,0,-24,3,0,0,10,0,0,0,125,3,0,  0]"
894,"[-56,23,4,0,76,65,-68,-20,77,116,46,83,105,110,97,105,6,0,0,0,-24,3,0,0,10,0,0,0,126,3,0,  0]"
895,"[-12,24,4,0,76,65,-68,-20,77,116,46,83,105,110,97,105,6,0,0,0,-24,3,0,0,10,0,0,0,127,3,0,  0]"
896,"[32,26,4,0,76,65,-68,-20,77,116,46,83,105,110,97,105,6,0,0,0,-24,3,0,0,10,0,0,0,-128,3,0,  0]"
897,"[76,27,4,0,76,65,-68,-20,77,116,46,83,105,110,97,105,6,0,0,0,-24,3,0,0,10,0,0,0,-127,3,0,  0]"
898,"[120,28,4,0,76,65,-68,-20,77,116,46,83,105,110,97,105,6,0,0,0,-24,3,0,0,10,0,0,0,-126,3,0,  0]"
899,"[-92,29,4,0,76,65,-68,-20,77,116,46,83,105,110,97,105,6,0,0,0,-24,3,0,0,10,0,0,0,-125,3,0,  0]"
900,"[-48,30,4,0,76,65,-68,-20,77,116,46,83,105,110,97,105,6,0,0,0,-24,3,0,0,10,0,0,0,-124,3,0,  0]"
901,"[-4,31,4,0,76,65,-68,-20,77,116,46,83,105,110,97,105,6,0,0,0,-24,3,0,0,10,0,0,0,-123,3,0,  0]"
902,"[40,33,4,0,76,65,-68,-20,77,116,46,83,105,110,97,105,6,0,0,0,-24,3,0,0,10,0,0,0,-122,3,0,  0]"
903,"[84,34,4,0,76,65,-68,-20,77,116,46,83,105,110,97,105,6,0,0,0,-24,3,0,0,10,0,0,0,-121,3,0,  0]"
904,"[-128,35,4,0,76,65,-68,-20,77,116,46,83,105,110,97,105,6,0,0,0,-24,3,0,0,10,0,0,0,-120,3,0,  0]"
905,"[-84,36,4,0,76,65,-68,-20,77,116,46,83,105,110,97,105,6,0,0,0,-24,3,0,0,10,0,0,0,-119,3,0,  0]"
906,"[-40,37,4,0,76,65,-68,-20,77,116,46,83,105,110,97,105,6,0,0,0,-24,3,0,0,10,0,0,0,-118,3,0,  0]"
907,"[4,39,4,0,76,65,-68,-20,77,116,46,83,105,110,97,105,6,0,0,0,-24,3,0,0,10,0,0,0,-117,3,0,  0]"
908,"[48,40,4,0,76,65,-68,-20,77,116,46,83,105,110,97,105,6,0,0,0,-24,3,0,0,10,0,0,0,-116,3,0,  0]"
909,"[92,41,4,0,76,65,-68,-20,77,116,46,83,105,110,97,105,6,0,0,0,-24,3,0,0,10,0,0,0,-115,3,0,  0]"
910,"[-120,42,4,0,76,65,-68,-20,77,116,46,83,105,110,97,105,6,0,0,0,-24,3,0,0,10,0,0,0,-114,3,0,  0]"
911,"[-76,43,4,0,76,65,-68,-20,77,116,46,83,105,110,97,105,6,0,0,0,-24,3,0,0,10,0,0,0,-113,3,0,  0]"
912,"[-32,44,4,0,76,65,-68,-20,77,116,46,83,105,110,97,105,6,0,0,0,-24,3,0,0,10,0,0,0,-112,3,0,  0]"
913,"[12,46,4,0,76,65,-68,-20,77,116,46,83,105,110,97,105,6,0,0,0,-24,3,0,0,10,0,0,0,-111,3,0,  0]"
914,"[56,47,4,0,76,65,-68,-20,77,116,46,83,105,110,97,105,6,0,0,0,-24,3,0,0,10,0,0,0,-110,3,0,  0]"
915,"[100,48,4,0,76,65,-68,-20,77,116,46,83,105,110,97,105,6,0,0,0,-24,3,0,0,10,0,0,0,-109,3,0,  0]"
916,"[-112,49,4,0,76,65,-68,-20,77,116,46,83,105,110,97,105,6,0,0,0,-24,3,0,0,10,0,0,0,-108,3,0,  0]"
917,"[-68,50,4,0,76,65,-68,-20,77,116,46,83,105,110,97,105,6,0,0,0,-24,3,0,0,10,0,0,0,-107,3,0,  0]"
918,"[-24,51,4,0,76,65,-68,-20,77,116,46,83,105,110,97,105,6,0,0,0,-24,3,0,0,10,0,0,0,-106,3,0,  0]"
919,"[20,53,4,0,76,65,-68,-20,77,116,46,83,105,110,97,105,6,0,0,0,-24,3,0,0,10,0,0,0,-105,3,0,  0]"
920,"[64,54,4,0,76,65,-68,-20,77,116,46,83,105,110,97,105,6,0,0,0,-24,3,0,0,10,0,0,0,-104,3,0,  0]"
921,"[108,55,4,0,76,65,-68,-20,77,116,46,83,105,110,97,105,6,0,0,0,-24,3,0,0,10,0,0,0,-103,3,0,  0]"
922,"[-104,56,4,0,76,65,-68,-20,77,116,46,83,105,110,97,105,6,0,0,0,-24,3,0,0,10,0,0,0,-102,3,0,  0]"
923,"[-60,57,4,0,76,65,-68,-20,77,116,46,83,105,110,97,105,6,0,0,0,-24,3,0,0,10,0,0,0,-101,3,0,  0]"
924,"[-16,58,4,0,76,65,-68,-20,77,116,46,83,105,110,97,105,6,0,0,0,-24,3,0,0,10,0,0,0,-100,3,0,  0]"
925,"[28,60,4,0,76,65,-68,-20,77,116,46,83,105,110,97,105,6,0,0,0,-24,3,0,0,10,0,0,0,-99,3,0,  0]"
926,"[72,61,4,0,76,65,-68,-20,77,116,46,83,105,110,97,105,6,0,0,0,-24,3,0,0,10,0,0,0,-98,3,0,  0]"
927,"[116,62,4,0,76,65,-68,-20,77,116,46,83,105,110,97,105,6,0,0,0,-24,3,0,0,10,0,0,0,-97,3,0,  0]"
928,"[-96,63,4,0,76,65,-68,-20,77,116,46,83,105,110,97,105,6,0,0,0,-24,3,0,0,10,0,0,0,-96,3,0,  0]"
929,"[-52,64,4,0,76,65,-68,-20,77,116,46,83,105,110,97,105,6,0,0,0,-24,3,0,0,10,0,0,0,-95,3,0,  0]"
930,"[-8,65,4,0,76,65,-68,-20,77,116,46,83,105,110,97,105,6,0,0,0,-24,3,0,0,10,0,0,0,-94,3,0,  0]"
931,"[36,67,4,0,76,65,-68,-20,77,116,46,83,105,110,97,105,6,0,0,0,-24,3,0,0,10,0,0,0,-93,3,0,  0]"
932,"[80,68,4,0,76,65,-68,-20,77,116,46,83,105,110,97,105,6,0,0,0,-24,3,0,0,10,0,0,0,-92,3,0,  0]"
933,"[124,69,4,0,76,65,-68,-20,77,116,46,83,105,110,97,105,6,0,0,0,-24,3,0,0,10,0,0,0,-91,3,0,  0]"
934,"[-88,70,4,0,76,65,-68,-20,77,116,46,83,105,110,97,105,6,0,0,0,-24,3,0,0,10,0,0,0,-90,3,0,  0]"
935,"[-44,71,4,0,76,65,-68,-20,77,116,46,83,105,110,97,105,6,0,0,0,-24,3,0,0,10,0,0,0,-89,3,0,  0]"
936,"[0,73,4,0,76,65,-68,-20,77,116,46,83,105,110,97,105,6,0,0,0,-24,3,0,0,10,0,0,0,-88,3,0,  0]"
937,"[44,74,4,0,76,65,-68,-20,77,116,46,83,105,110,97,105,6,0,0,0,-24,3,0,0,10,0,0,0,-87,3,0,  0]"
938,"[88,75,4,0,76,65,-68,-20,77,116,46,83,105,110,97,105,6,0,0,0,-24,3,0,0,10,0,0,0,-86,3,0,  0]"
939,"[-124,76,4,0,76,65,-68,-20,77,116,46,83,105,110,97,105,6,0,0,0,-24,3,0,0,10,0,0,0,-85,3,0,  0]"
940,"[-80,77,4,0,76,65,-68,-20,77,116,46,83,105,110,97,105,6,0,0,0,-24,3,0,0,10,0,0,0,-84,3,0,  0]"
941,"[-36,78,4,0,76,65,-68,-20,77,116,46,83,105,110,97,105,6,0,0,0,-24,3,0,0,10,0,0,0,-83,3,0,  0]"
942,"[8,80,4,0,76,65,-68,-20,77,116,46,83,105,110,97,105,6,0,0,0,-24,3,0,0,10,0,0,0,-82,3,0,  0]"
943,"[52,81,4,0,76,65,-68,-20,77,116,46,83,105,110,97,105,6,0,0,0,-24,3,0,0,10,0,0,0,-81,3,0,  0]"
944,"[96,82,4,0,76,65,-68,-20,77,116,46,83,105,110,97,105,6,0,0,0,-24,3,0,0,10,0,0,0,-80,3,0,  0]"
945,"[-116,83,4,0,76,65,-68,-20,77,116,46,83,105,110,97,105,6,0,0,0,-24,3,0,0,10,0,0,0,-79,3,0,  0]"
946,"[-72,84,4,0,76,65,-68,-20,77,116,46,83,105,110,97,105,6,0,0,0,-24,3,0,0,10,0,0,0,-78,3,0,  0]"
947,"[-28,85,4,0,76,65,-68,-20,77,116,46,83,105,110,97,105,6,0,0,0,-24,3,0,0,10,0,0,0,-77,3,0,  0]"
948,"[16,87,4,0,76,65,-68,-20,77,116,46,83,105,110,97,105,6,0,0,0,-24,3,0,0,10,0,0,0,-76,3,0,  0]"
949,"[60,88,4,0,76,65,-68,-20,77,116,46,83,105,110,97,105,6,0,0,0,-24,3,0,0,10,0,0,0,-75,3,0,  0]"
950,"[104,89,4,0,76,65,-68,-20,77,116,46,83,105,110,97,105,6,0,0,0,-24,3,0,0,10,0,0,0,-74,3,0,  0]"
951,"[-108,90,4,0,76,65,-68,-20,77,116,46,83,105,110,97,105,6,0,0,0,-24,3,0,0,10,0,0,0,-73,3,0,  0]"
952,"[-64,91,4,0,76,65,-68,-20,77,116,46,83,105,110,97,105,6,0,0,0,-24,3,0,0,10,0,0,0,-72,3,0,  0]"
953,"[-20,92,4,0,76,65,-68,-20,77,116,46,83,105,110,97,105,6,0,0,0,-24,3,0,0,10,0,0,0,-71,3,0,  0]"
954,"[24,94,4,0,76,65,-68,-20,77,116,46,83,105,110,97,105,6,0,0,0,-24,3,0,0,10,0,0,0,-70,3,0,  0]"
955,"[68,95,4,0,76,65,-68,-20,77,116,46,83,105,110,97,105,6,0,0,0,-24,3,0,0,10,0,0,0,-69,3,0,  0]"
956,"[112,96,4,0,76,65,-68,-20,77,116,46,83,105,110,97,105,6,0,0,0,-24,3,0,0,10,0,0,0,-68,3,0,  0]"
957,"[-100,97,4,0,76,65,-68,-20,77,116,46,83,105,110,97,105,6,0,0,0,-24,3,0,0,10,0,0,0,-67,3,0,  0]"
958,"[-56,98,4,0,76,65,-68,-20,77,116,46,83,105,110,97,105,6,0,0,0,-24,3,0,0,10,0,0,0,-66,3,0,  0]"
959,"[-12,99,4,0,76,65,-68,-20,77,116,46,83,105,110,97,105,6,0,0,0,-24,3,0,0,10,0,0,0,-65,3,0,  0]"
960,"[32,101,4,0,76,65,-68,-20,77,116,46,83,105,110,97,105,6,0,0,0,-24,3,0,0,10,0,0,0,-64,3,0,  0]"
961,"[76,102,4,0,76,65,-68,-20,77,116,46,83,105,110,97,105,6,0,0,0,-24,3,0,0,10,0,0,0,-63,3,0,  0]"
962,"[120,103,4,0,76,65,-68,-20,77,116,46,83,105,110,97,105,6,0,0,0,-24,3,0,0,10,0,0,0,-62,3,0,  0]"
963,"[-92,104,4,0,76,65,-68,-20,77,116,46,83,105,110,97,105,6,0,0,0,-24,3,0,0,10,0,0,0,-61,3,0,  0]"
964,"[-48,105,4,0,76,65,-68,-20,77,116,46,83,105,110,97,105,6,0,0,0,-24,3,0,0,10,0,0,0,-60,3,0,  0]"
965,"[-4,106,4,0,76,65,-68,-20,77,116,46,83,105,110,97,105,6,0,0,0,-24,3,0,0,10,0,0,0,-59,3,0,  0]"
966,"[40,108,4,0,76,65,-68,-20,77,116,46,83,105,110,97,105,6,0,0,0,-24,3,0,0,10,0,0,0,-58,3,0,  0]"
967,"[84,109,4,0,76,65,-68,-20,77,116,46,83,105,110,97,105,6,0,0,0,-24,3,0,0,10,0,0,0,-57,3,0,  0]"
968,"[-128,110,4,0,76,65,-68,-20,77,116,46,83,105,110,97,105,6,0,0,0,-24,3,0,0,10,0,0,0,-56,3,0,  0]"
969,"[-84,111,4,0,76,65,-68,-20,77,116,46,83,105,110,97,105,6,0,0,0,-24,3,0,0,10,0,0,0,-55,3,0,  0]"
970,"[-40,112,4,0,76,65,-68,-20,77,116,46,83,105,110,97,105,6,0,0,0,-24,3,0,0,10,0,0,0,-54,3,0,  0]"
971,"[4,114,4,0,76,65,-68,-20,77,116,46,83,105,110,97,105,6,0,0,0,-24,3,0,0,10,0,0,0,-53,3,0,  0]"
972,"[48,115,4,0,76,65,-68,-20,77,116,46,83,105,110,97,105,6,0,0,0,-24,3,0,0,10,0,0,0,-52,3,0,  0]"
973,"[92,116,4,0,76,65,-68,-20,77,116,46,83,105,110,97,105,6,0,0,0,-24,3,0,0,10,0,0,0,-51,3,0,  0]"
974,"[-120,117,4,0,76,65,-68,-20,77,116,46,83,105,110,97,105,6,0,0,0,-24,3,0,0,10,0,0,0,-50,3,0,  0]"
975,"[-76,118,4,0,76,65,-68,-20,77,116,46,83,105,110,97,105,6,0,0,0,-24,3,0,0,10,0,0,0,-49,3,0,  0]"
976,"[-32,119,4,0,76,65,-68,-20,77,116,46,83,105,110,97,105,6,0,0,0,-24,3,0,0,10,0,0,0,-48,3,0,  0]"
977,"[12,121,4,0,76,65,-68,-20,77,116,46,83,105,110,97,105,6,0,0,0,-24,3,0,0,10,0,0,0,-47,3,0,  0]"
978,"[56,122,4,0,76,65,-68,-20,77,116,46,83,105,110,97,105,6,0,0,0,-24,3,0,0,10,0,0,0,-46,3,0,  0]"
979,"[100,123,4,0,76,65,-68,-20,77,116,46,83,105,110,97,105,6,0,0,0,-24,3,0,0,10,0,0,0,-45,3,0,  0]"
980,"[-112,124,4,0,76,65,-68,-20,77,116,46,83,105,110,97,105,6,0,0,0,-24,3,0,0,10,0,0,0,-44,3,0,  0]"
981,"[-68,125,4,0,76,65,-68,-20,77,116,46,83,105,110,97,105,6,0,0,0,-24,3,0,0,10,0,0,0,-43,3,0,  0]"
982,"[-24,126,4,0,76,65,-68,-20,77,116,46,83,105,110,97,105,6,0,0,0,-24,3,0,0,10,0,0,0,-42,3,0,  0]"
983,"[20,-128,4,0,76,65,-68,-20,77,116,46,83,105,110,97,105,6,0,0,0,-24,3,0,0,10,0,0,0,-41,3,0,  0]"
984,"[64,-127,4,0,76,65,-68,-20,77,116,46,83,105,110,97,105,6,0,0,0,-24,3,0,0,10,0,0,0,-40,3,0,  0]"
985,"[108,-126,4,0,76,65,-68,-20,77,116,46,83,105,110,97,105,6,0,0,0,-24,3,0,0,10,0,0,0,-39,3,0,  0]"
986,"[-104,-125,4,0,76,65,-68,-20,77,116,46,83,105,110,97,105,6,0,0,0,-24,3,0,0,10,0,0,0,-38,3,0,  0]"
987,"[-60,-124,4,0,76,65,-68,-20,77,116,46,83,105,110,97,105,6,0,0,0,-24,3,0,0,10,0,0,0,-37,3,0,  0]"
988,"[-16,-123,4,0,76,65,-68,-20,77,116,46,83,105,110,97,105,6,0,0,0,-24,3,0,0,10,0,0,0,-36,3,0,  0]"
989,"[28,-121,4,0,76,65,-68,-20,77,116,46,83,105,110,97,105,6,0,0,0,-24,3,0,0,10,0,0,0,-35,3,0,  0]"
990,"[72,-120,4,0,76,65,-68,-20,77,116,46,83,105,110,97,105,6,0,0,0,-24,3,0,0,10,0,0,0,-34,3,0,  0]"
991,"[116,-119,4,0,76,65,-68,-20,77,116,46,83,105,110,97,105,6,0,0,0,-24,3,0,0,10,0,0,0,-33,3,0,  0]"
992,"[-96,-118,4,0,76,65,-68,-20,77,116,46,83,105,110,97,105,6,0,0,0,-24,3,0,0,10,0,0,0,-32,3,0,  0]"
993,"[-52,-117,4,0,76,65,-68,-20,77,116,46,83,105,110,97,105,6,0,0,0,-24,3,0,0,10,0,0,0,-31,3,0,  0]"
994,"[-8,-116,4,0,76,65,-68,-20,77,116,46,83,105,110,97,105,6,0,0,0,-24,3,0,0,10,0,0,0,-30,3,0,  0]"
995,"[36,-114,4,0,76,65,-68,-20,77,116,46,83,105,110,97,105,6,0,0,0,-24,3,0,0,10,0,0,0,-29,3,0,  0]"
996,"[80,-113,4,0,76,65,-68,-20,77,116,46,83,105,110,97,105,6,0,0,0,-24,3,0,0,10,0,0,0,-28,3,0,  0]"
997,"[124,-112,4,0,76,65,-68,-20,77,116,46,83,105,110,97,105,6,0,0,0,-24,3,0,0,10,0,0,0,-27,3,0,  0]"
998,"[-88,-111,4,0,76,65,-68,-20,77,116,46,83,105,110,97,105,6,0,0,0,-24,3,0,0,10,0,0,0,-26,3,0,  0]"
999,"[-44,-110,4,0,76,65,-68,-20,77,116,46,83,105,110,97,105,6,0,0,0,-24,3,0,0,10,0,0,0,-25,3,0,  0]"
1000,"[0,-108,4,0,76,65,-68,-20,77,116,46,83,105,110,97,105,6,0,0,0,-24,3,0,0,10,0,0,0,-24,3,0,  0]"
